2026-02-06 09:58:49,https://iptv.catvod.com/live.php?id=CCTV1
文化精品,http://38.75.136.137:98/gslb/dsdqpub/ysjp.m3u8?auth=testpub
文化精品,https://hls-gateway.vpstv.net/streams/708832.m3u8
文化精品,http://iptv.666230.xyz/iptv/jsyd.php/G_CCTV-WENHUA-CQ
央视台球,http://38.75.136.137:98/gslb/dsdqpub/ystq.m3u8?auth=testpub
央视台球,https://hls-gateway.vpstv.net/streams/708855.m3u8
央视台球,https://epg.pw/stream/ca9c1cd4b97fb824cedd7fedfd0c7a950afdd7f00751cfbb7c2d89831d7746a5.m3u8
央视台球,https://epg.pw/stream/25677ac2e8c1f7c3dd6359c43eb5f0f54efb3f5c11f9dda18d01b3e0308ed017.m3u8
风云音乐,http://38.75.136.137:98/gslb/dsdqpub/fyyy.m3u8?auth=testpub
风云音乐,http://171.83.103.119:9999/rtp/239.69.1.90:10180
风云音乐,http://120.238.94.10:9901/tsfile/live/1089_1.m3u8
风云音乐,http://hmfs.f3322.net:3388/hls/29/index.m3u8
风云音乐,https://hls-gateway.vpstv.net/streams/708858.m3u8
风云音乐,http://iptv.666230.xyz/iptv/jsyd.php/G_FENGYUNYY-CQ
第一剧场,http://38.75.136.137:98/gslb/dsdqpub/dyjc.m3u8?auth=testpub
第一剧场,http://171.83.103.119:9999/rtp/239.69.1.74:10084
第一剧场,http://61.184.46.85:9901/tsfile/live/1021_1.m3u8?key=txiptv&playlive=1&authid=0
第一剧场,http://hmfs.f3322.net:3388/hls/21/index.m3u8
第一剧场,http://dassby.qqff.top:99/live/第一剧场/index.m3u8
第一剧场,https://epg.pw/stream/6d7bf281e3d739806a73f5373acaa6e01988ec9739f5ac1355ce54b47a928472.m3u8
第一剧场,https://hls-gateway.vpstv.net/streams/708862.m3u8
第一剧场,http://tl.061833.xyz/tl/null-6
第一剧场,https://100.061833.xyz/stream/mytv/null-6/stream.m3u8?uid=2190244325&u=hahayy&p=29624e2e4c4ccee26ed8f3e0ca1012ea57a8f2191be6149f632250f7036119cc
第一剧场,http://iptv.666230.xyz/iptv/jsyd.php/G_DIYIJC-CQ
风云剧场,http://38.75.136.137:98/gslb/dsdqpub/fyjc.m3u8?auth=testpub
风云剧场,http://120.238.94.10:9901/tsfile/live/1090_1.m3u8
风云剧场,https://hls-gateway.vpstv.net/streams/708861.m3u8
风云剧场,http://iptv.666230.xyz/iptv/jsyd.php/G_FENGYUNJC-CQ
怀旧剧场,http://38.75.136.137:98/gslb/dsdqpub/hjjc.m3u8?auth=testpub
怀旧剧场,http://171.83.103.119:9999/rtp/239.69.1.89:10174
怀旧剧场,http://61.184.46.85:9901/tsfile/live/1022_1.m3u8?key=txiptv&playlive=1&authid=0
怀旧剧场,https://hls-gateway.vpstv.net/streams/708853.m3u8
怀旧剧场,http://iptv.666230.xyz/iptv/jsyd.php/G_HUAIJIUJC-CQ
女性时尚,http://38.75.136.137:98/gslb/dsdqpub/nxss.m3u8?auth=testpub
女性时尚,http://39.152.103.17:8089/tsfile/live/1068_1.m3u8?key=txiptv&playlive=1&down=1
女性时尚,http://111.61.236.247:9081/hls/59/index.m3u8
女性时尚,http://iptv.666230.xyz/iptv/jsyd.php/G_NVXINGSS-CQ
高尔夫网球,http://38.75.136.137:98/gslb/dsdqpub/gefwq.m3u8?auth=testpub
高尔夫网球,https://hls-gateway.vpstv.net/streams/708857.m3u8
高尔夫网球,http://iptv.666230.xyz/iptv/jsyd.php/G_CCTV-GOLF-CQ
风云足球,http://38.75.136.137:98/gslb/dsdqpub/fyzq.m3u8?auth=testpub
风云足球,http://27.41.245.32:801/hls/906/index.m3u8
风云足球,http://dassby.qqff.top:99/live/风云足球/index.m3u8
风云足球,https://epg.pw/stream/ac8062ec9484078061d3bef507c15a423ac57ae4144e3fcc4b0a198dd420f911.m3u8
风云足球,http://[2409:8087:7001:20:2::3]/dbiptv.sn.chinamobile.com/PLTV/88888893/224/3221226984/index.m3u8
风云足球,https://live.goodiptv.club/api/yqgd.php?id=fyzq
风云足球,https://hls-gateway.vpstv.net/streams/708859.m3u8
电视指南,http://38.75.136.137:98/gslb/dsdqpub/dszn.m3u8?auth=testpub
电视指南,http://171.83.103.119:9999/rtp/239.69.1.87:10162
电视指南,http://iptv.666230.xyz/iptv/jsyd.php/G_DIANSHIZN-CQ
世界地理,http://38.75.136.137:98/gslb/dsdqpub/sjdl.m3u8?auth=testpub
世界地理,http://hmfs.f3322.net:3388/hls/28/index.m3u8
兵器科技,http://38.75.136.137:98/gslb/dsdqpub/gfjs.m3u8?auth=testpub
兵器科技,http://120.238.94.10:9901/tsfile/live/1096_1.m3u8
兵器科技,https://hls-gateway.vpstv.net/streams/708856.m3u8
兵器科技,http://iptv.666230.xyz/iptv/jsyd.php/G_BINGQIKJ-CQ
浙江钱江,https://ali-m-l.cztv.com/channels/lantian/channel002/1080p.m3u8
浙江钱江,http://l.cztvcloud.com/channels/lantian/SXyuyao2/720p.m3u8
浙江钱江,http://ali-m-l.cztv.com/channels/lantian/channel002/1080p.m3u8
浙江钱江,http://ali-m-l.cztv.com/channels/lantian/channel02/1080p.m3u8
浙江钱江,http://ali-m-l.cztv.com/channels/lantian/channel002/1080p.m3u8?zzhed
浙江钱江,https://stream1.freetv.fun/zhe-jiang-qian-jiang-du-shi-4.ctv
浙江钱江,https://stream1.freetv.fun/zhe-jiang-qian-jiang-du-shi-3.ctv
浙江钱江,https://stream1.freetv.fun/zhe-jiang-qian-jiang-du-shi-5.ctv
浙江钱江都市,http://ali-xwl.cztv.com/live/channel021080Plxw.m3u8
浙江钱江都市,http://ali-xwl.cztv.com/live/channel02720Plxw.m3u8
浙江钱江都市,https://t.freetv.fun/live/zhe-jiang-qian-jiang-du-shi-1.m3u8
浙江钱江都市,https://t.freetv.fun/live/zhe-jiang-qian-jiang-du-shi-2.m3u8
浙江钱江都市,https://t.freetv.fun/live/zhe-jiang-qian-jiang-du-shi-3.m3u8
浙江生活,https://ali-m-l.cztv.com/channels/lantian/channel003/1080p.m3u8
浙江生活,https://ali-m-l.cztv.com/channels/lantian/channel003/1080p.m3u8?
浙江生活,http://ali-m-l.cztv.com/channels/lantian/channel003/1080p.m3u8
浙江生活,https://stream1.freetv.fun/zhe-jiang-jing-ji-sheng-huo-1.ctv
浙江生活,https://stream1.freetv.fun/zhe-jiang-jing-ji-sheng-huo-7.ctv
浙江生活,https://stream1.freetv.fun/zhe-jiang-jing-ji-sheng-huo-8.ctv
浙江生活,http://ls.qingting.fm/live/1099.m3u8
浙江经济生活,http://ali-xwl.cztv.com/live/channel031080Plxw.m3u8
浙江经济生活,http://ali-m-l.cztv.com/channels/lantian/channel03/1080p.m3u8
浙江经济生活,http://ali-xwl.cztv.com/live/channel03720Plxw.m3u8
浙江经济生活,http://ls.qingting.fm/live/1099.m3u8
浙江经济生活,https://t.freetv.fun/live/zhe-jiang-jing-ji-sheng-huo-2.m3u8
浙江经济生活,https://t.freetv.fun/live/zhe-jiang-jing-ji-sheng-huo-3.m3u8
浙江经济生活,http://l.cztvcloud.com/channels/lantian/SXxiaoshan2/720p.m3u8
浙江教育,https://ali-m-l.cztv.com/channels/lantian/channel004/1080p.m3u8?
浙江教育,https://ali-m-l.cztv.com/channels/lantian/channel004/1080p.m3u8
浙江教育,http://ali-m-l.cztv.com/channels/lantian/channel04/720p.m3u8
浙江民生,https://ali-m-l.cztv.com/channels/lantian/channel006/1080p.m3u8?
浙江民生,https://ali-m-l.cztv.com/channels/lantian/channel006/1080p.m3u8
浙江民生,http://ali-m-l.cztv.com/channels/lantian/channel06/1080p.m3u8
浙江民生,http://ali-m-l.cztv.com/channels/lantian/channel006/1080p.m3u8
浙江民生,https://t.freetv.fun/live/zhe-jiang-min-sheng-1.m3u8
浙江民生,https://t.freetv.fun/live/zhe-jiang-min-sheng-3.m3u8
浙江民生,https://t.freetv.fun/live/zhe-jiang-min-sheng.m3u8
浙江新闻,https://ali-m-l.cztv.com/channels/lantian/channel007/1080p.m3u8
浙江新闻,http://ali-m-l.cztv.com/channels/lantian/channel07/720p.m3u8
浙江新闻,http://ali-xwl.cztv.com/live/channel071080Plxw.m3u8
浙江新闻,http://ali-xwl.cztv.com/live/channel07720Plxw.m3u8
浙江新闻,http://ali-m-l.cztv.com/channels/lantian/channel007/720p.m3u8
浙江新闻,http://ali-m-l.cztv.com/channels/lantian/channel007/1080p.m3u8?zzhed
浙江新闻,http://ali-m-l.cztv.com/channels/lantian/channel007/1080p.m3u8
浙江新闻,http://ali-vl.cztv.com/channels/lantian/channel007/360p.m3u8
浙江新闻,https://stream1.freetv.fun/zhe-jiang-xin-wen-5.m3u8
浙江新闻,https://stream1.freetv.fun/zhe-jiang-xin-wen-11.m3u8
浙江少儿,https://ali-m-l.cztv.com/channels/lantian/channel008/1080p.m3u8?
浙江少儿,https://ali-m-l.cztv.com/channels/lantian/channel008/1080p.m3u8
浙江少儿,http://ali-m-l.cztv.com/channels/lantian/channel008/1080p.m3u8
浙江少儿,http://ali-vl.cztv.com/channels/lantian/channel008/360p.m3u8
浙江少儿,https://stream1.freetv.fun/zhe-jiang-shao-er-4.m3u8
浙江少儿,https://stream1.freetv.fun/zhe-jiang-shao-er-4.ctv
浙江少儿,https://stream1.freetv.fun/zhe-jiang-shao-er-6.ctv
浙江少儿,https://stream1.freetv.fun/zhe-jiang-shao-er-9.ctv
杭州综合,https://stream1.freetv.fun/hang-zhou-zong-he-3.ctv
杭州综合,https://stream1.freetv.fun/hang-zhou-zong-he-2.ctv
杭州明珠,https://stream1.freetv.fun/hang-zhou-ming-zhu-2.ctv
杭州明珠,https://stream1.freetv.fun/hang-zhou-ming-zhu-1.ctv
杭州生活,https://stream1.freetv.fun/hang-zhou-sheng-huo-1.ctv
杭州生活,https://stream1.freetv.fun/hang-zhou-sheng-huo-2.ctv
杭州生活,https://stream1.freetv.fun/hang-zhou-sheng-huo-3.ctv
杭州影视,https://stream1.freetv.fun/hang-zhou-ying-shi-2.ctv
浙江教科,https://ali-m-l.cztv.com/channels/lantian/channel004/1080p.m3u8
浙江教科,http://ali-m-l.cztv.com/channels/lantian/channel004/1080p.m3u8
浙江经济,http://ali-m-l.cztv.com/channels/lantian/channel03/720p.m3u8
浙江经济,http://ali-m-l.cztv.com/channels/lantian/channel003/1080p.m3u8
之江纪录,https://ali-m-l.cztv.com/channels/lantian/channel012/1080p.m3u8
之江纪录,http://ali-m-l.cztv.com/channels/lantian/channel12/1080p.m3u8
之江纪录,http://ali-m-l.cztv.com/channels/lantian/channel012/1080p.m3u8
浙江国际,https://ali-m-l.cztv.com/channels/lantian/channel010/1080p.m3u8
浙江国际,https://ali-m-l.cztv.com/channels/lantian/channel010/1080p.m3u8?
浙江国际,http://ali-m-l.cztv.com/channels/lantian/channel010/1080p.m3u8
浙江国际,http://ali-m-l.cztv.com/channels/lantian/channel010/720p.m3u8
浙江国际,http://ali-xwl.cztv.com/live/channel10720Plxw.m3u8
浙江国际,http://ali-m-l.cztv.com/channels/lantian/channel010/1080p.m3u8?zzhed
浙江国际,http://ali-xwl.cztv.com/live/channel101080Plxw.m3u8
浙江国际,https://stream1.freetv.fun/zhe-jiang-guo-ji-7.m3u8
浙江国际,https://stream1.freetv.fun/zhe-jiang-guo-ji-10.m3u8
浙江国际,https://stream1.freetv.fun/zhe-jiang-guo-ji-3.ctv
嘉兴新闻综合,http://tvfile.jyrmt.cn:80/nmip-media/channellive/channel104452/playlist.m3u8
嘉兴新闻综合,http://live.zohi.tv/video/s10001-fztv-1/index.m3u8
湖州公共,https://stream1.freetv.fun/hu-zhou-gong-gong-9.m3u8
湖州公共,https://stream1.freetv.fun/hu-zhou-gong-gong-3.m3u8
湖州公共,https://stream1.freetv.fun/hu-zhou-gong-gong-1.m3u8
湖州公共,https://t.freetv.fun/live/hu-zhou-gong-gong-1.m3u8
湖州公共,https://t.freetv.fun/live/hu-zhou-gong-gong-2.m3u8
湖州公共,https://t.freetv.fun/live/hu-zhou-gong-gong-3.m3u8
湖州公共,https://t.freetv.fun/live/hu-zhou-gong-gong.m3u8
湖州新闻综合,http://hzcm-live.media.hugd.com/3f5fa7d64c7c46a38c6bd8ad35e836cc/65128273761b4731ae53729ea6dcf932.m3u8?auth_key=2277598215-9d21c15111244bea8d298c361d31a72e-0-d031198f58d44b0e91ba2e3f3b188865&fbl=
湖州新闻综合,http://hzcm-live.media.hugd.com/3f5fa7d64c7c46a38c6bd8ad35e836cc/65128273761b4731ae53729ea6dcf932.m3u8?auth_key=2277598215-9d21c15111244bea8d298c361d31a72e-0-d031198f58d44b0e91ba2e3f3b188865
湖州新闻综合,https://hzcm-live.media.hugd.com/3f5fa7d64c7c46a38c6bd8ad35e836cc/65128273761b4731ae53729ea6dcf932.m3u8?auth_key=2277598215-9d21c15111244bea8d298c361d31a72e-0-d031198f58d44b0e91ba2e3f3b188865
湖州文化娱乐,http://hzcm-live.media.hugd.com/613c47f0ab0d4eaa98b21378d0db6ded/0051d31c9dd543a7825eea4e49675b2a.m3u8?auth_key=2277598059-0a5ebfa1c0dc4671b42a60810fc37039-0-fa625b7d1feab612062453c12e3c8887&fbl=
湖州文化娱乐,http://hzcm-live.media.hugd.com/613c47f0ab0d4eaa98b21378d0db6ded/0051d31c9dd543a7825eea4e49675b2a.m3u8?auth_key=2277598059-0a5ebfa1c0dc4671b42a60810fc37039-0-fa625b7d1feab612062453c12e3c8887
湖州文化娱乐,https://hzcm-live.media.hugd.com/613c47f0ab0d4eaa98b21378d0db6ded/0051d31c9dd543a7825eea4e49675b2a.m3u8?auth_key=2277598059-0a5ebfa1c0dc4671b42a60810fc37039-0-fa625b7d1feab612062453c12e3c8887
浙江经视,http://ali-m-l.cztv.com/channels/lantian/channel003/720p.m3u8
浙江留学,http://ali-vl.cztv.com/channels/lantian/channel009/360p.m3u8
浙江民生休闲,http://ali-xwl.cztv.com/live/channel061080Plxw.m3u8
浙江民生休闲,http://ali-xwl.cztv.com/live/channel06720Plxw.m3u8
浙江民生休闲,http://ali-vl.cztv.com/channels/lantian/channel006/360p.m3u8
浙江民生休闲,https://stream1.freetv.fun/zhe-jiang-min-sheng-10.m3u8
浙江民生休闲,https://stream1.freetv.fun/zhe-jiang-min-sheng-2.m3u8
浙江民生休闲,https://stream1.freetv.fun/zhe-jiang-min-sheng-5.m3u8
浙江民生休闲,https://stream1.freetv.fun/zhe-jiang-min-sheng-9.m3u8
浙江民生休闲,https://stream1.freetv.fun/zhe-jiang-min-sheng-8.m3u8
浙江民生休闲,https://stream1.freetv.fun/zhe-jiang-min-sheng-3.m3u8
浙江数码时代,https://ali-m-l.cztv.com/channels/lantian/channel012/1080p.m3u8\r\n
浙江教科影院,http://ali-m-l.cztv.com/channels/lantian/channel004/1080p.m3u8
浙江教科影视,http://ali-xwl.cztv.com/live/channel04720Plxw.m3u8
浙江教科影视,http://ali-xwl.cztv.com/live/channel041080Plxw.m3u8
浙江教科影视,http://ali-m-l.cztv.com/channels/lantian/channel04/1080p.m3u8
浙江教科影视,http://ali-vl.cztv.com/channels/lantian/channel004/360p.m3u8
浙江公共新闻,http://ali-m-l.cztv.com/channels/lantian/channel07/1080p.m3u8
浙江公共新闻,https://stream1.freetv.fun/zhe-jiang-gong-gong-xin-wen-1.m3u8
浙江公共新闻,https://stream1.freetv.fun/zhe-jiang-gong-gong-xin-wen-1.ctv
浙江公共新闻,https://stream1.freetv.fun/zhe-jiang-gong-gong-xin-wen-2.ctv
浙江公共新闻,https://t.freetv.fun/live/zhe-jiang-gong-gong-xin-wen-1.m3u8
浙江休闲台,http://ali-m-l.cztv.com/channels/lantian/channel006/720p.m3u8
浙江青田,http://l.cztvcloud.com/channels/lantian/SXqingtian1/720p.m3u8
浙江遂昌,http://l.cztvcloud.com/channels/lantian/SXsuichang1/720p.m3u8
诸暨新闻综合,https://l.cztvcloud.com/channels/lantian/SXzhuji3/720p.m3u8
诸暨新闻综合,http://l.cztvcloud.com/channels/lantian/SXzhuji3/720p.m3u8?zzhed
龙游生活娱乐,http://l.cztvcloud.com/channels/lantian/SXlongyou2/720p.m3u8?zzhed
龙游生活娱乐,http://l.cztvcloud.com/channels/lantian/SXlongyou2/720p.m3u8
龙游生活娱乐,https://l.cztvcloud.com/channels/lantian/SXlongyou2/720p.m3u8
龙游新闻综合,https://l.cztvcloud.com/channels/lantian/SXlongyou1/720p.m3u8
龙游新闻综合,http://l.cztvcloud.com/channels/lantian/SXlongyou1/720p.m3u8?zzhed
龙泉新闻综合,http://l.cztvcloud.com/channels/lantian/SXlongquan1/720p.m3u8
青田电视台,http://l.cztvcloud.com/channels/lantian/SXqingtian1/720p.m3u8
遂昌综合,http://l.cztvcloud.com/channels/lantian/SXsuichang1/720p.m3u8?zzhed
遂昌新闻综合,http://l.cztvcloud.com/channels/lantian/SXsuichang1/720p.m3u8
象山综合,http://play-sh13.quklive.com/live/1702360350551252.m3u8?auth_key=2037107484-800189c57a5a44d3b823b60cf84f6756-0-a6f6828a62d5c167cff5e68735fa0d39
象山综合,http://l.cztvcloud.com/channels/lantian/SXxiangshan1/720p.m3u8?zzhed
象山新闻综合,http://l.cztvcloud.com/channels/lantian/SXxiangshan1/720p.m3u8
衢江新闻综合,http://l.cztvcloud.com/channels/lantian/SXqujiang1/720p.m3u8?zzhed
衢江新闻综合,https://stream1.freetv.fun/qu-jiang-xin-wen-zong-he-1.m3u8
衢江新闻综合,https://stream1.freetv.fun/qu-jiang-xin-wen-zong-he-1.ctv
衢江新闻综合,https://stream1.freetv.fun/qu-jiang-xin-wen-zong-he-2.m3u8
衢江新闻综合,https://stream1.freetv.fun/qu-jiang-xin-wen-zong-he-3.m3u8
衢江新闻综合,https://t.freetv.fun/live/qu-jiang-xin-wen-zong-he.m3u8
萧山生活,http://l.cztvcloud.com/channels/lantian/SXxiaoshan2/720p.m3u8?zzhed?
萧山生活,http://l.cztvcloud.com/channels/lantian/SXxiaoshan2/720p.m3u8?zzhed
萧山生活,https://l.cztvcloud.com/channels/lantian/SXxiaoshan2/720p.m3u8
萧山生活,http://l.cztvcloud.com/channels/lantian/SXxiaoshan2/720p.m3u8
萧山新闻综合,http://l.cztvcloud.com/channels/lantian/SXxiaoshan1/720p.m3u8?cWlkPSZzPTg3OWMwYmMyZDMzYTFhZGY3NDQxMjgyYTg1MmUzNTY0JmVzPTE3MDY2Nzc4NzMmdXVpZD0yMjdiY2MzNGNiNGY0MThlYjRiY2IxYzcwNmZjODNkMS02NzQ3NDY2NyZ2PTImYXM9MCZjZG5leF9pZD10eF9waG9uZV9saXZl
萧山新闻综合,http://l.cztvcloud.com/channels/lantian/SXxiaoshan1/720p.m3u8?zzhed
萧山新闻综合,https://l.cztvcloud.com/channels/lantian/SXxiaoshan1/720p.m3u8
萧山新闻综合,https://stream1.freetv.fun/xiao-shan-xin-wen-zong-he-6.m3u8
萧山新闻综合,https://stream1.freetv.fun/xiao-shan-xin-wen-zong-he-2.m3u8
萧山新闻综合,https://stream1.freetv.fun/xiao-shan-xin-wen-zong-he-8.m3u8
萧山新闻综合,https://stream1.freetv.fun/xiao-shan-xin-wen-zong-he-9.m3u8
萧山新闻综合,https://stream1.freetv.fun/xiao-shan-xin-wen-zong-he-4.m3u8
萧山新闻综合,https://stream1.freetv.fun/xiao-shan-xin-wen-zong-he-7.m3u8
萧山新闻综合,https://stream1.freetv.fun/xiao-shan-xin-wen-zong-he-1.m3u8
苍南新闻综合,https://l.cztvcloud.com/channels/lantian/SXcangnan1/720p.m3u8
苍南新闻综合,http://l.cztvcloud.com/channels/lantian/SXcangnan1/720p.m3u8?zzhed
苍南新闻综合,https://stream1.freetv.fun/cang-nan-xin-wen-zong-he-5.m3u8
苍南新闻综合,https://stream1.freetv.fun/cang-nan-xin-wen-zong-he-1.m3u8
苍南新闻综合,https://stream1.freetv.fun/cang-nan-xin-wen-zong-he-4.ctv
苍南新闻综合,https://stream1.freetv.fun/cang-nan-xin-wen-zong-he-3.m3u8
苍南新闻综合,https://t.freetv.fun/live/cang-nan-xin-wen-zong-he-1.m3u8
苍南新闻综合,https://t.freetv.fun/live/cang-nan-xin-wen-zong-he-2.m3u8
苍南新闻综合,https://t.freetv.fun/live/cang-nan-xin-wen-zong-he.m3u8
缙云综合,http://l.cztvcloud.com/channels/lantian/SXjinyun1/720p.m3u8?zzhed?
缙云综合,http://l.cztvcloud.com/channels/lantian/SXjinyun1/720p.m3u8?zzhed
缙云新闻综合,http://l.cztvcloud.com/channels/lantian/SXjinyun1/720p.m3u8
绍兴电视台公共,http://live.shaoxing.com.cn/video/s10001-sxtv2/index.m3u8?%E5%85%B3%E6%B3%A8%E5%BE%AE%E4%BF%A1%E5%85%AC%E4%BC%97%E5%8F%B7[%E6%99%B4%E5%9B%AD]
绍兴新闻综合,http://live.shaoxing.com.cn/video/s10001-sxtv1/index.m3u8?zzhed
绍兴新闻综合,https://stream1.freetv.fun/shao-xing-xin-wen-zong-he-4.m3u8
绍兴新闻综合,https://stream1.freetv.fun/shao-xing-xin-wen-zong-he-3.m3u8
绍兴新闻综合,https://stream1.freetv.fun/shao-xing-xin-wen-zong-he-2.m3u8
绍兴新闻综合,https://t.freetv.fun/live/shao-xing-xin-wen-zong-he-2.m3u8
绍兴新闻综合,https://t.freetv.fun/live/shao-xing-xin-wen-zong-he-3-1.m3u8
绍兴新闻综合,https://t.freetv.fun/live/shao-xing-xin-wen-zong-he-3.m3u8
绍兴文化影院,http://live.shaoxing.com.cn/video/s10001-sxtv3/index.m3u8?zzhed
绍兴文化影院,https://stream1.freetv.fun/shao-xing-wen-hua-ying-yuan-1.m3u8
绍兴文化影院,https://stream1.freetv.fun/shao-xing-wen-hua-ying-yuan-4.m3u8
绍兴文化影院,https://stream1.freetv.fun/shao-xing-wen-hua-ying-yuan-3.m3u8
绍兴文化影院,https://stream1.freetv.fun/shao-xing-wen-hua-ying-yuan-2.m3u8
绍兴文化影院,https://t.freetv.fun/live/shao-xing-wen-hua-ying-yuan-2.m3u8
绍兴文化影视,http://live.shaoxing.com.cn/video/s10001-sxtv3/index.m3u8
绍兴文化影视,https://stream1.freetv.fun/shao-xing-wen-hua-ying-shi-1.m3u8
绍兴文化影视,https://t.freetv.fun/live/shao-xing-wen-hua-ying-shi-1.m3u8
绍兴公共,http://live.shaoxing.com.cn/video/s10001-sxtv2/index.m3u8
绍兴公共,http://live.shaoxing.com.cn/video/s10001-sxtv2/index.m3u8?
绍兴公共,http://live.shaoxing.com.cn/video/s10001-sxtv2/index.m3u8?zzhed
绍兴公共,https://stream1.freetv.fun/shao-xing-gong-gong-2.m3u8
绍兴公共,https://stream1.freetv.fun/shao-xing-gong-gong-3.m3u8
绍兴公共,https://stream1.freetv.fun/shao-xing-gong-gong-7.m3u8
绍兴公共,https://stream1.freetv.fun/shao-xing-gong-gong-8.m3u8
绍兴公共,https://stream1.freetv.fun/shao-xing-gong-gong-1.m3u8
绍兴公共,https://t.freetv.fun/live/shao-xing-gong-gong-1-1.m3u8
绍兴公共,https://t.freetv.fun/live/shao-xing-gong-gong-2.m3u8
湖州公共民生,http://hzcm-live.media.hugd.com/1e6b554b9ab74513958c0e1ffe664d22/9acaa7634309494cb29a85eb12136607.m3u8?auth_key=2272900830-9a2389b8bf4e49d580d4ad807423d326-0-ea78a5c7a678c436263582d368f5009e
海宁新闻综合,https://p2hs.vzan.com/slowlive/317913155078575177/live.m3u8?zbid=293304&tpid=1708007815
海宁新闻综合,https://p2hs.vzan.com/slowlive/317913155078575177/live.m3u8
海宁新闻综合,http://p2hs.vzan.com/slowlive/317913155078575177/live.m3u8
洞头综合,http://l.cztvcloud.com/channels/lantian/SXdongtou1/720p.m3u8?zzhed?
洞头综合,http://l.cztvcloud.com/channels/lantian/SXdongtou1/720p.m3u8
永嘉新闻综合,http://l.cztvcloud.com/channels/lantian/SXyongjia1/720p.m3u8?zzhed
永嘉新闻综合,http://l.cztvcloud.com/channels/lantian/SXyongjia1/720p.m3u8
永嘉新闻综合,https://stream1.freetv.fun/yong-jia-xin-wen-zong-he-4.m3u8
永嘉新闻综合,https://stream1.freetv.fun/yong-jia-xin-wen-zong-he-2.m3u8
永嘉新闻综合,https://stream1.freetv.fun/yong-jia-xin-wen-zong-he-3.ctv
永嘉新闻综合,https://t.freetv.fun/live/yong-jia-xin-wen-zong-he-1.m3u8
永嘉新闻综合,https://t.freetv.fun/live/yong-jia-xin-wen-zong-he.m3u8
武义新闻综合,http://l.cztvcloud.com/channels/lantian/SXwuyi1/720p.m3u8
武义新闻综合,http://l.cztvcloud.com/channels/lantian/SXwuyi1/720p.m3u8?zzhed
武义新闻综合,https://stream1.freetv.fun/wu-yi-xin-wen-zong-he-3.m3u8
松阳综合,http://l.cztvcloud.com/channels/lantian/SXsongyang1/720p.m3u8?zzhed?
松阳综合,http://l.cztvcloud.com/channels/lantian/SXsongyang1/720p.m3u8?fbl=
松阳综合,http://l.cztvcloud.com/channels/lantian/SXsongyang1/720p.m3u8
松阳新闻综合,http://l.cztvcloud.com/channels/lantian/SXsongyang1/720p.m3u8?fbl=
松阳新闻综合,http://l.cztvcloud.com/channels/lantian/SXsongyang1/720p.m3u8
普陀电视台,https://l.cztvcloud.com/channels/lantian/SXputuo1/720p.m3u8
普陀新闻综合,http://l.cztvcloud.com/channels/lantian/SXputuo1/720p.m3u8
新昌生活,http://l.cztvcloud.com/channels/lantian/SXxinchang2/720p.m3u8
新昌新闻综合,https://l.cztvcloud.com/channels/lantian/SXxinchang1/720p.m3u8
新昌新闻综合,http://l.cztvcloud.com/channels/lantian/SXxinchang1/720p.m3u8
新昌新闻综合,https://stream1.freetv.fun/xin-chang-xin-wen-zong-he-4.m3u8
新昌新闻综合,https://stream1.freetv.fun/xin-chang-xin-wen-zong-he-5.ctv
新昌新闻综合,https://t.freetv.fun/live/xin-chang-xin-wen-zong-he.m3u8
文成综合,http://l.cztvcloud.com/channels/lantian/SXwencheng1/720p.m3u8?zzhed
文成综合,http://l.cztvcloud.com/channels/lantian/SXwencheng1/720p.m3u8?zzhed?
文成新闻综合,http://l.cztvcloud.com/channels/lantian/SXwencheng1/720p.m3u8
数码时代,http://ali-m-l.cztv.com/channels/lantian/channel12/720p.m3u8?zzhed
开化新闻综合,http://l.cztvcloud.com/channels/lantian/SXkaihua1/720p.m3u8?zzhed
开化新闻综合,https://stream1.freetv.fun/kai-hua-xin-wen-zong-he-1.m3u8
开化新闻综合,https://stream1.freetv.fun/kai-hua-xin-wen-zong-he-2.ctv
开化国家公园,http://l.cztvcloud.com/channels/lantian/SXkaihua2/720p.m3u8?zzhed
开化国家公园,http://l.cztvcloud.com/channels/lantian/SXkaihua2/720p.m3u8zzhed
开化国家公园,http://l.cztvcloud.com/channels/lantian/SXkaihua2/720p.m3u8
开化国家公园,http://l.cztvcloud.com/channels/lantian/SXkaihua2/720p.m3u8?zzhed#http://l.cztvcloud.com/channels/lantian/SXkaihua2/720p.m3u8zzhed#http://l.cztvcloud.com/channels/lantian/SXkaihua2/720p.m3u8
庆元综合,http://l.cztvcloud.com/channels/lantian/SXqingyuan1/720p.m3u8?fbl=
庆元综合,http://l.cztvcloud.com/channels/lantian/SXqingyuan1/720p.m3u8
庆元综合,http://l.cztvcloud.com/channels/lantian/SXqingyuan1/720p.m3u8?zzhed?
庆元新闻综合,http://l.cztvcloud.com/channels/lantian/SXqingyuan1/720p.m3u8?fbl=
庆元新闻综合,http://l.cztvcloud.com/channels/lantian/SXqingyuan1/720p.m3u8
平湖民生休闲,http://l.cztvcloud.com/channels/lantian/SXpinghu2/720p.m3u8?zzhed
平湖民生休闲,http://l.cztvcloud.com/channels/lantian/SXpinghu2/720p.m3u8
平湖新闻综合,http://play-sh13.quklive.com/live/1690167908295069.m3u8?auth_key=2027466211-f190eec410c24473825cbe1d8541e545-0-f21db57ae1b534802c1cf7be86cc3aef
平湖新闻综合,http://l.cztvcloud.com/channels/lantian/SXpinghu1/720p.m3u8?cWlkPSZzPTg3OWMwYmMyZDMzYTFhZGY3NDQxMjgyYTg1MmUzNTY0JmVzPTE3MDY2Nzc4NzMmdXVpZD0yMjdiY2MzNGNiNGY0MThlYjRiY2IxYzcwNmZjODNkMS02NzQ3NDY2NyZ2PTImYXM9MCZjZG5leF9pZD10eF9waG9uZV9saXZl
平湖新闻综合,http://l.cztvcloud.com/channels/lantian/SXpinghu1/720p.m3u8?zzhed
平湖新闻综合,http://l.cztvcloud.com/channels/lantian/SXpinghu1/720p.m3u8
平湖新闻综合,https://stream1.freetv.fun/ping-hu-xin-wen-zong-he-2.m3u8
平湖新闻综合,https://stream1.freetv.fun/ping-hu-xin-wen-zong-he-1.m3u8
平湖新闻综合,https://stream1.freetv.fun/ping-hu-xin-wen-zong-he-3.m3u8
平湖新闻综合,https://stream1.freetv.fun/ping-hu-xin-wen-zong-he-5.m3u8
平湖新闻综合,https://t.freetv.fun/live/ping-hu-xin-wen-zong-he-1.m3u8
平湖新闻综合,https://t.freetv.fun/live/ping-hu-xin-wen-zong-he-2.m3u8
嵊泗综合,http://l.cztvcloud.com/channels/lantian/SXshengzhou1/720p.m3u8?zzhed
嵊泗综合,http://l.cztvcloud.com/channels/lantian/SXshengsi1/720p.m3u8
嵊泗综合,https://stream1.freetv.fun/sheng-zhou-xin-wen-zong-he-2.ctv
嵊泗综合,https://stream1.freetv.fun/sheng-zhou-xin-wen-zong-he-1.m3u8
嵊泗新闻综合,http://l.cztvcloud.com/channels/lantian/SXshengsi1/720p.m3u8
嵊州新闻综合,http://l.cztvcloud.com/channels/lantian/SXshengzhou1/720p.m3u8
嵊州新闻综合,http://l.cztvcloud.com/channels/lantian/SXshengzhou1/720p.m3u8?zzhed#http://l.cztvcloud.com/channels/lantian/SXshengzhou1/720p.m3u8
嵊州新闻综合,https://stream1.freetv.fun/sheng-zhou-xin-wen-zong-he-1.m3u8
兰溪新闻综合,http://l.cztvcloud.com/channels/lantian/SXlanxi1/720p.m3u8
兰溪新闻综合,http://l.cztvcloud.com/channels/lantian/SXlanxi1/720p.m3u8?zzhed
兰溪新闻综合,https://stream1.freetv.fun/lan-xi-xin-wen-zong-he-1.m3u8
兰溪新闻综合,https://stream1.freetv.fun/lan-xi-xin-wen-zong-he-3.m3u8
兰溪新闻综合,https://t.freetv.fun/live/lan-xi-xin-wen-zong-he-1.m3u8
兰溪新闻综合,https://t.freetv.fun/live/lan-xi-xin-wen-zong-he.m3u8
余杭综合,http://l.cztvcloud.com/channels/lantian/SXyuhang1/720p.m3u8
余杭综合,http://l.cztvcloud.com/channels/lantian/SXyuhang1/720p.m3u8?zzhed
余杭未来E,http://l.cztvcloud.com/channels/lantian/SXyuhang3/720p.m3u8?zzhed
余杭未来E,http://l.cztvcloud.com/channels/lantian/SXyuhang3/720p.m3u8
余姚综合,http://l.cztvcloud.com/channels/lantian/SXyuyao1/720p.m3u8?zzhed
余姚综合,http://l.cztvcloud.com/channels/lantian/SXyuyao1/720p.m3u8
余姚综合,http://l.cztvcloud.com/channels/lantian/SXyuyao1/720p.m3u8?
余姚综合,https://l.cztvcloud.com/channels/lantian/SXyuyao1/720p.m3u8
余姚新闻综合,http://l.cztvcloud.com/channels/lantian/SXyuyao1/720p.m3u8?cWlkPSZzPTg3OWMwYmMyZDMzYTFhZGY3NDQxMjgyYTg1MmUzNTY0JmVzPTE3MDY2Nzc4NzMmdXVpZD0yMjdiY2MzNGNiNGY0MThlYjRiY2IxYzcwNmZjODNkMS02NzQ3NDY2NyZ2PTImYXM9MCZjZG5leF9pZD10eF9waG9uZV9saXZl
余姚新闻综合,http://l.cztvcloud.com/channels/lantian/SXyuyao1/720p.m3u8
余姚姚江文化,https://l.cztvcloud.com/channels/lantian/SXyuyao2/720p.m3u8
余姚姚江文化,https://l.cztvcloud.com/channels/lantian/SXyuyao3/720p.m3u8
余姚姚江文化,http://l.cztvcloud.com/channels/lantian/SXyuyao3/720p.m3u8?zzhed
云和新闻综合,http://l.cztvcloud.com/channels/lantian/SXyunhe1/720p.m3u8?zzhed
云和新闻综合,http://l.cztvcloud.com/channels/lantian/SXyunhe1/720p.m3u8
中国蓝新闻,https://ali-m-l.cztv.com/channels/lantian/channel009/1080p.m3u8?
中国蓝新闻,https://ali-m-l.cztv.com/channels/lantian/channel009/1080p.m3u8
中国蓝新闻,http://ali-m-l.cztv.com/channels/lantian/channel009/1080p.m3u8
东阳影视生活,http://l.cztvcloud.com/channels/lantian/SXdongyang1/720p.m3u8
上虞新闻综合,http://l.cztvcloud.com/channels/lantian/SXshangyu1/720p.m3u8?zzhed
上虞新商都,http://l.cztvcloud.com/channels/lantian/SXshangyu3/720p.m3u8
上虞新商都,http://l.cztvcloud.com/channels/lantian/SXshangyu3/720p.m3u8?zzhed
上虞新商都,http://l.cztvcloud.com/channels/lantian/SXshangyu3/720p.m3u8?zzhed?
上虞新商都,https://stream1.freetv.fun/shang-yu-xin-shang-du-4.m3u8
上虞新商都,https://stream1.freetv.fun/shang-yu-xin-shang-du-2.m3u8
上虞新商都,https://stream1.freetv.fun/shang-yu-xin-shang-du-3.m3u8
上虞新商都,https://stream1.freetv.fun/shang-yu-xin-shang-du-5.m3u8
上虞新商都,https://stream1.freetv.fun/shang-yu-xin-shang-du-1.m3u8
上虞新商都,https://t.freetv.fun/live/shang-yu-xin-shang-du-1.m3u8
上虞新商都,https://t.freetv.fun/live/shang-yu-xin-shang-du-2.m3u8
上虞文化影院,http://l.cztvcloud.com/channels/lantian/SXshangyu2/720p.m3u8?zzhed
上虞文化影院,http://l.cztvcloud.com/channels/lantian/SXshangyu2/720p.m3u8
上虞文化影院,https://stream1.freetv.fun/shang-yu-wen-hua-ying-yuan-2.ctv
上虞文化影院,https://stream1.freetv.fun/shang-yu-wen-hua-ying-yuan-1.m3u8
上虞文化影院,https://stream1.freetv.fun/shang-yu-wen-hua-ying-yuan-3.ctv
上虞文化影院,https://stream1.freetv.fun/shang-yu-wen-hua-ying-yuan-4.ctv
上虞文化影院,https://t.freetv.fun/live/shang-yu-wen-hua-ying-yuan.m3u8
上虞文化影视,http://l.cztvcloud.com/channels/lantian/SXshangyu2/720p.m3u8
北京卡酷少儿,https://zby.130519.xyz/PLTV/11/224/3221226019/index.m3u8
北京卡酷少儿,http://[2409:8087:1a15:10d1::33]/ottrrs.hl.chinamobile.com/PLTV/88888888/224/3221225654/index.m3u8
北京卡酷少儿,http://[2409:8087:5e08:25::16]:6610/200000001898/460000089800010081/1.m3u8
北京卡酷少儿,https://migu.188766.xyz/?migutoken=1023983db6b5249e61d4950c1654cd84&id=%E5%8C%97%E4%BA%AC%E5%8D%A1%E9%85%B7%E5%B0%91%E5%84%BF&type=yy
北京卡酷少儿,https://migu.188766.xyz/?migutoken=2c51384549aec8a85219fdc0c475e40b&id=%E5%8C%97%E4%BA%AC%E5%8D%A1%E9%85%B7%E5%B0%91%E5%84%BF&type=yy
北京卡酷少儿,https://migu.188766.xyz/?migutoken=238a8755ee64728b0980917e10720623&id=%E5%8C%97%E4%BA%AC%E5%8D%A1%E9%85%B7%E5%B0%91%E5%84%BF&type=yy
北京卡酷少儿,https://migu.188766.xyz/?migutoken=7d1e1120b370ad3cebcef8f780c94ded&id=%E5%8C%97%E4%BA%AC%E5%8D%A1%E9%85%B7%E5%B0%91%E5%84%BF&type=yy
北京卡酷少儿,https://migu.188766.xyz/?migutoken=64a526a2d003b13c1a2af4fd92f861f7&id=%E5%8C%97%E4%BA%AC%E5%8D%A1%E9%85%B7%E5%B0%91%E5%84%BF&type=yy
北京卡酷少儿,https://migu.188766.xyz/?migutoken=05eaa29189c93d906e117818c1e66c0d&id=%E5%8C%97%E4%BA%AC%E5%8D%A1%E9%85%B7%E5%B0%91%E5%84%BF&type=yy
北京卡酷少儿,https://migu.188766.xyz/?migutoken=4b5c4209ca1644d72d590d3d9f59beee&id=%E5%8C%97%E4%BA%AC%E5%8D%A1%E9%85%B7%E5%B0%91%E5%84%BF&type=yy
北京新闻,https://satellitepull.cnr.cn/live/wxbjxwgb/playlist.m3u8
北京新闻,https://brtv-radiolive.rbc.cn/alive/fm945.m3u8
北京新闻,http://iptv.huuc.edu.cn/hls/btv9hd.m3u8
北京新闻,https://migu.188766.xyz/?migutoken=aa827c67c33e323973b297f53ce3ec84&id=%E5%8C%97%E4%BA%AC%E6%96%B0%E9%97%BB&type=yy
北京新闻,https://ls.qingting.fm/live/339/64k.m3u8
北京新闻,https://migu.188766.xyz/?migutoken=df6fa5447cc74883076849d396941029&id=%E5%8C%97%E4%BA%AC%E6%96%B0%E9%97%BB&type=yy
北京新闻,https://migu.188766.xyz/?migutoken=35fb58abdb81b2d238e06a763ae7680d&id=%E5%8C%97%E4%BA%AC%E6%96%B0%E9%97%BB&type=yy
北京新闻,https://migu.188766.xyz/?migutoken=4916b2e17a686e9144cb975b04afb93e&id=%E5%8C%97%E4%BA%AC%E6%96%B0%E9%97%BB&type=yy
北京新闻,https://migu.188766.xyz/?migutoken=bc6dd6ad76b6217619fbabaa1bdd3041&id=%E5%8C%97%E4%BA%AC%E6%96%B0%E9%97%BB&type=yy
北京新闻,https://migu.188766.xyz/?migutoken=d1303dc190d857760b1d68298e920c33&id=%E5%8C%97%E4%BA%AC%E6%96%B0%E9%97%BB&type=yy
北京生活,https://wstvcpudali.v.myalicdn.com/wstvcpud/udrmbtv7_1/index.m3u8?adapt=0&BR=audio
北京生活,https://migu.188766.xyz/?migutoken=42c3cdb90190cfbb68aa926990ba2e82&id=%E5%8C%97%E4%BA%ACi%E7%94%9F%E6%B4%BB&type=yy
北京生活,https://migu.188766.xyz/?migutoken=ebac33487fb14297e10f0a7f96677c9d&id=%E5%8C%97%E4%BA%ACi%E7%94%9F%E6%B4%BB&type=yy
北京生活,https://migu.188766.xyz/?migutoken=136fbb78e4d83281d95615b20e411bed&id=%E5%8C%97%E4%BA%ACi%E7%94%9F%E6%B4%BB&type=yy
北京生活,https://migu.188766.xyz/?migutoken=b5a17d96fc35fc63b25cc763a1785672&id=%E5%8C%97%E4%BA%ACi%E7%94%9F%E6%B4%BB&type=yy
北京生活,https://migu.188766.xyz/?migutoken=e5ba633a55b22307c0e4272af6ea6632&id=%E5%8C%97%E4%BA%ACi%E7%94%9F%E6%B4%BB&type=yy
北京生活,https://migu.188766.xyz/?migutoken=3043429f49c0a3a99b8e02f242d42224&id=%E5%8C%97%E4%BA%ACi%E7%94%9F%E6%B4%BB&type=yy
北京生活,https://migu.188766.xyz/?migutoken=94a265a45704df4be4d5555a82d77ab4&id=%E5%8C%97%E4%BA%ACi%E7%94%9F%E6%B4%BB&type=yy
北京生活,https://migu.188766.xyz/?migutoken=fcf2fd8a9f5159838c6ecfd1749b8828&id=%E5%8C%97%E4%BA%ACi%E7%94%9F%E6%B4%BB&type=yy
北京生活,https://migu.188766.xyz/?migutoken=7676312050265378b211c7827880d7f5&id=%E5%8C%97%E4%BA%ACi%E7%94%9F%E6%B4%BB&type=yy
北京科教,http://player.cntv.cn/standard/live_HLSDRM20180606.swf?ChannelID=btv3&P2PChannelID=pd://cctv_p2p_hdbtv3
北京财经,https://migu.188766.xyz/?migutoken=c08ea955ec38f0a4d9526118b6474ec8&id=%E5%8C%97%E4%BA%AC%E8%B4%A2%E7%BB%8F&type=yy
北京财经,https://migu.188766.xyz/?migutoken=cc53eb44d2b32d63d359c351275b9ae6&id=%E5%8C%97%E4%BA%AC%E8%B4%A2%E7%BB%8F&type=yy
北京财经,https://migu.188766.xyz/?migutoken=c8b534aec73742e548cb389e18d991a8&id=%E5%8C%97%E4%BA%AC%E8%B4%A2%E7%BB%8F&type=yy
北京财经,https://migu.188766.xyz/?migutoken=3b13c5c5e624f786cc66b1a394b73802&id=%E5%8C%97%E4%BA%AC%E8%B4%A2%E7%BB%8F&type=yy
北京财经,https://migu.188766.xyz/?migutoken=be646e9ac808c7495130d26b316a39fd&id=%E5%8C%97%E4%BA%AC%E8%B4%A2%E7%BB%8F&type=yy
北京财经,https://migu.188766.xyz/?migutoken=26681121206e53a23ae3097bf725e87b&id=%E5%8C%97%E4%BA%AC%E8%B4%A2%E7%BB%8F&type=yy
北京财经,https://migu.188766.xyz/?migutoken=4a29066f60f205a3d4d4fa00195af34b&id=%E5%8C%97%E4%BA%AC%E8%B4%A2%E7%BB%8F&type=yy
北京财经,https://migu.188766.xyz/?migutoken=c5cae7b7f4da574581dc3d8c0ad12625&id=%E5%8C%97%E4%BA%AC%E8%B4%A2%E7%BB%8F&type=yy
北京财经,https://migu.188766.xyz/?migutoken=f99c2ff2497251ed646e89257da9f6a0&id=%E5%8C%97%E4%BA%AC%E8%B4%A2%E7%BB%8F&type=yy
北京财经,https://migu.188766.xyz/?migutoken=7e679653bf0bede43714ad99f810268c&id=%E5%8C%97%E4%BA%AC%E8%B4%A2%E7%BB%8F&type=yy
北京青年,http://player.cntv.cn/standard/live_HLSDRM20180919.swf?v=180.171.5.8.9.6.3.9&ChannelID=btv8&videoTVChannel=btv8&P2PChannelID=pd://cctv_p2p_hdbtv8&tai=btv8&VideoName=btv8&channelID=btv8
上海新闻综合,https://migu.188766.xyz/?migutoken=779bd2c7e2b23a37be54ec1b50771d47&id=%E4%B8%8A%E6%B5%B7%E6%96%B0%E9%97%BB%E7%BB%BC%E5%90%88&type=yy
上海新闻综合,https://stream1.freetv.fun/shang-hai-xin-wen-zong-he-3.m3u8
上海新闻综合,https://mgtv.ottiptv.cc/migu/651632657.m3u8?migutoken=348c9164063c2b1df215dd2fa7cd92cb119d8a335ae0edfb5d615a6c714e71b669eee2f5ff1730afa92af7ca41d0aa96e3a280d7e5f2069eb8a3b852f3ebc270147489d7c8bfb08a7c4b9c4d80
上海新闻综合,http://gslbmgsplive.miguvideo.com/wd_r4/dfl/xinwenzonghehd/1200/index.m3u8?msisdn=20250919080134d0a4f61e680b4d1b8d2460b858ff1fec&mdspid=&spid=699212&netType=0&sid=5500002275&pid=2028597139&timestamp=20250919080134&Channel_ID=0116_2600000900-99000-201600010010027&ProgramID=651632657&ParentNodeID=-99&assertID=5500002275&client_ip=106.13.250.88&SecurityKey=20250919080134&promotionId=&mvid=5100001716&mcid=500020&playurlVersion=WX-A1-8.9.1-RELEASE&userid=&jmhm=&videocodec=h264&bean=mgspad&tid=android&conFee=0&puData=c6e37e6787e81aeb250c874ff8533137&ddCalcu=7c36e1e13313705e86f7f8477e88c10a5e2b
上海新闻综合,http://gslbmgsplive.miguvideo.com/wd_r4/dfl/xinwenzonghehd/1200/index.m3u8?msisdn=20251023080141ea171d5993054ddd94612bf653be3cfa&mdspid=&spid=699212&netType=0&sid=5500002275&pid=2028597139&timestamp=20251023080141&Channel_ID=0116_2600000900-99000-201600010010027&ProgramID=651632657&ParentNodeID=-99&assertID=5500002275&client_ip=106.13.250.83&SecurityKey=20251023080141&promotionId=&mvid=5100001716&mcid=500020&playurlVersion=WX-A1-8.9.2-RELEASE&userid=&jmhm=&videocodec=h264&bean=mgspad&tid=android&conFee=0&puData=4757c0d2f0cd0feb69bcfc7ea14ddd49&ddCalcu=9447ed52d71dc0401da2ef70ccfdc0bf9e6b
上海新闻综合,http://gslbmgsplive.miguvideo.com/wd_r4/dfl/xinwenzonghehd/1200/index.m3u8?msisdn=202510240800572be58ced346548aab92c7ebfbc90d088&mdspid=&spid=699212&netType=0&sid=5500002275&pid=2028597139&timestamp=20251024080057&Channel_ID=0116_2600000900-99000-201600010010027&ProgramID=651632657&ParentNodeID=-99&assertID=5500002275&client_ip=106.13.250.88&SecurityKey=20251024080057&promotionId=&mvid=5100001716&mcid=500020&playurlVersion=WX-A1-8.9.2-RELEASE&userid=&jmhm=&videocodec=h264&bean=mgspad&tid=android&conFee=0&puData=05479a300e9aa0cbfb7bbc5ca9733a84&ddCalcu=4085ea423713907a93a0c05ec9baba70bcfb
上海新闻综合,http://gslbmgsplive.miguvideo.com/wd_r4/dfl/xinwenzonghehd/1200/index.m3u8?msisdn=20251025080100b35a6c3882a949ae802da68a5f06fef8&mdspid=&spid=699212&netType=0&sid=5500002275&pid=2028597139&timestamp=20251025080100&Channel_ID=0116_2600000900-99000-201600010010027&ProgramID=651632657&ParentNodeID=-99&assertID=5500002275&client_ip=106.13.250.90&SecurityKey=20251025080100&promotionId=&mvid=5100001716&mcid=500020&playurlVersion=WX-A1-8.9.2-RELEASE&userid=&jmhm=&videocodec=h264&bean=mgspad&tid=android&conFee=0&puData=6f8be77ecb1155de0e5d3baaed9f8e01&ddCalcu=160fee828b1fe097d7eeacabb131d555ed0e
上海新闻综合,https://migu.188766.xyz/?migutoken=2da6fc3ee5600c20fc3a1ec99a5f510d&id=%E4%B8%8A%E6%B5%B7%E6%96%B0%E9%97%BB%E7%BB%BC%E5%90%88&type=yy
上海新闻综合,https://migu.188766.xyz/?migutoken=e0b1bdace2e78d2f49ee59e01ade38ed&id=%E4%B8%8A%E6%B5%B7%E6%96%B0%E9%97%BB%E7%BB%BC%E5%90%88&type=yy
上海新闻综合,https://migu.188766.xyz/?migutoken=5bd466407d3bdaf6c1f2ff97ebc80ad3&id=%E4%B8%8A%E6%B5%B7%E6%96%B0%E9%97%BB%E7%BB%BC%E5%90%88&type=yy
上海第一财经,https://satellitepull.cnr.cn/live/wx32dycjgb/playlist.m3u8
上海第一财经,https://migu.188766.xyz/?migutoken=20bb1a06124bd6ea328162fe9605882d&id=dycj&type=sz
上海第一财经,https://mgtv.ottiptv.cc/migu/608780988.m3u8?migutoken=0c7df30d952e5d120406d3eb259cd5e26ec6aa86037008719de147cc6fbc34e877c3e3d7b9617267f35521bdddc4c5995e6fc0583816a5df1bfe19814868525e736733676761a4b2d4db618e84
上海第一财经,http://gslbmgsplive.miguvideo.com/wd_r1/2018/bestv/dycj/1000/index.m3u8?msisdn=2025091908013429b62173a5e24f8ea1f310d5ed32e792&mdspid=&spid=699212&netType=0&sid=2201008312&pid=2028597139&timestamp=20250919080134&Channel_ID=0116_2600000900-99000-201600010010027&ProgramID=608780988&ParentNodeID=-99&assertID=2201008312&client_ip=106.13.250.88&SecurityKey=20250919080134&promotionId=&mvid=2201008312&mcid=500020&playurlVersion=WX-A1-8.9.1-RELEASE&userid=&jmhm=&videocodec=h264&bean=mgspad&tid=android&conFee=0&puData=6c828d22c926cc843970f3f1c7455bea&ddCalcu=a6eceb815285804d72c21cf932f60c7c9834
上海第一财经,https://migu.188766.xyz/?migutoken=48076f7837fe4f59da0dbd882998f16d&id=dycj&type=sz
上海第一财经,https://migu.188766.xyz/?migutoken=f162d79cfa5cd6a82772cf04a780fbf6&id=dycj&type=sz
上海第一财经,https://migu.188766.xyz/?migutoken=f7d1839936c9e9599abe6d13f273815f&id=dycj&type=sz
上海第一财经,https://migu.188766.xyz/?migutoken=7788ea616cdaf1cbf20503ac35a45536&id=dycj&type=sz
上海第一财经,https://migu.188766.xyz/?migutoken=82a78e07753ce670fd48b5aaf5f8d25b&id=dycj&type=sz
上海第一财经,https://migu.188766.xyz/?migutoken=4d3493b3ed45588580c37f3b181235f2&id=dycj&type=sz
上海纪实,http://iptv.huuc.edu.cn/hls/docuchina.m3u8
上海纪实,https://stream1.freetv.fun/ipv6-shang-hai-ji-shi-ren-wen-2.m3u8
上海纪实,https://stream1.freetv.fun/ipv6-shang-hai-ji-shi-ren-wen-3.m3u8
上海纪实,https://stream1.freetv.fun/ipv6-shang-hai-ji-shi-ren-wen-5.m3u8
上海纪实,https://stream1.freetv.fun/shang-hai-ji-shi-ren-wen-1.m3u8
上海都市,https://zby.130519.xyz/PLTV/11/224/3221225749/index.m3u8
上海都市,https://migu.188766.xyz/?migutoken=6d8853cd2a35a94822edc25fb168517a&id=shds&type=sz
上海都市,https://stream1.freetv.fun/ipv6-shang-hai-du-shi-3.m3u8
上海都市,https://stream1.freetv.fun/ipv6-shang-hai-du-shi-8.m3u8
上海都市,https://stream1.freetv.fun/ipv6-shang-hai-du-shi-4.m3u8
上海都市,https://stream1.freetv.fun/ipv6-shang-hai-du-shi-5.m3u8
上海都市,https://stream1.freetv.fun/shang-hai-du-shi-1.m3u8
上海都市,https://stream1.freetv.fun/shang-hai-du-shi-7.m3u8
上海都市,https://stream1.freetv.fun/shang-hai-du-shi-10.m3u8
上海都市,https://migu.188766.xyz/?migutoken=eab1784005f39dbf37190ac7e43d6d51&id=shds&type=sz
东方影视,https://zby.130519.xyz/PLTV/11/224/3221225744/index.m3u8
东方影视,https://stream1.freetv.fun/dong-fang-ying-shi-12.m3u8
东方影视,https://stream1.freetv.fun/ipv6-dong-fang-ying-shi-8.m3u8
东方影视,https://www.freetv.top/migu/617290047.m3u8?migutoken=86c02ad0875d5cc49d77bcc8bdb628f2c9d508ffc323b964a03c8f92dde4afafa0345cf5a8fefbdf915c748e3d11c6c18e27ae1e21a609cec31a45e6c437db26a7a243625f9cf35c271171a22c
东方影视,https://stream1.freetv.fun/ipv6-dong-fang-ying-shi-9.m3u8
东方影视,https://stream1.freetv.fun/dong-fang-ying-shi-6.ctv
东方影视,https://stream1.freetv.fun/dong-fang-ying-shi-4.ctv
东方影视,https://stream1.freetv.fun/ipv6-dong-fang-ying-shi-3.m3u8
东方影视,https://t.freetv.fun/live/dong-fang-ying-shi-3.m3u8
东方财经,https://zby.130519.xyz/PLTV/11/224/3221226134/index.m3u8
全纪实,http://139.196.151.191/rtp/239.45.3.135:5140
动漫秀场,https://zby.130519.xyz/PLTV/11/224/3221225764/index.m3u8
动漫秀场,http://php.jdshipin.com/itv6.php?cid=bestzb&id=5000000011000031113
动漫秀场,https://stream1.freetv.fun/dong-man-xiu-chang-11.m3u8
动漫秀场,https://stream1.freetv.fun/ipv6-dong-man-xiu-chang-11.m3u8
动漫秀场,https://stream1.freetv.fun/dong-man-xiu-chang-9.ctv
动漫秀场,https://stream1.freetv.fun/ipv6-dong-man-xiu-chang-9.m3u8
动漫秀场,https://stream1.freetv.fun/dong-man-xiu-chang-2.m3u8
动漫秀场,https://live.v1.mk/api/bestv.php?id=dmxc8m/8000000
动漫秀场,https://stream1.freetv.fun/dong-man-xiu-chang-12.ctv
动漫秀场,https://stream1.freetv.fun/dong-man-xiu-chang-7.m3u8
哈哈炫动,https://zby.130519.xyz/PLTV/11/224/3221226161/index.m3u8
哈哈炫动,http://php.jdshipin.com/TVOD/hnyd.php?id=200000001898/460000089800010117
哈哈炫动,http://[2409:8087:8:21::18]:6610/otttv.bj.chinamobile.com/PLTV/88888888/224/3221226931/1.m3u8
哈哈炫动,https://stream1.freetv.fun/ha-ha-xuan-dong-29.m3u8
哈哈炫动,https://stream1.freetv.fun/ha-ha-xuan-dong-8.m3u8
哈哈炫动,https://stream1.freetv.fun/ha-ha-xuan-dong-16.m3u8
哈哈炫动,https://migu.188766.xyz/?migutoken=2616e56f2ce5e0b4a9eb90d1a516cd17&id=hhxd&type=sz
哈哈炫动,http://[2409:8087:1a15:10d1::39]/ottrrs.hl.chinamobile.com/PLTV/88888888/224/3221225657/index.m3u8
哈哈炫动,https://stream1.freetv.fun/ipv6-ha-ha-xuan-dong-10.m3u8
哈哈炫动,https://stream1.freetv.fun/ipv6-ha-ha-xuan-dong-8.m3u8
新闻综合,https://m3u8channel.yunxya.com/nmip-media/channellive/channel100028/playlist.m3u8
新闻综合,http://live.dxhmt.cn:9081/tv/10326-1.m3u8
新闻综合,https://zby.130519.xyz/PLTV/11/224/3221226136/index.m3u8
新闻综合,https://stream1.freetv.fun/xin-wen-zong-he-5.m3u8
新闻综合,https://stream1.freetv.fun/xin-wen-zong-he-11.ctv
新闻综合,https://www.freetv.top/migu/651632657.m3u8?migutoken=b4a3e55048f55ec1c8fc5b509fbdf32f2dc5d255f5f218e79e84ca9a87fb9f2239927cb11b448f18285b50b81b4cd50a1354e9be5a3283375e85372798c3f3eb3ad60adf45eb5615f68eb4825f
新闻综合,https://www.freetv.top/migu/651632657.m3u8?migutoken=5ae42e8fda034ab7bf5171dafa0043e70cd12bcd716940c4572fde52ea92b0785f16f1bdbce4c83f5e075b250fe95668f19f8527dda57c27db24f95d412614d99c86a3a2d9341d88b5224b7068
新闻综合,https://stream1.freetv.fun/ipv6-xin-wen-zong-he-7.m3u8
新闻综合,https://stream1.freetv.fun/xin-wen-zong-he-9.m3u8
新闻综合,https://stream1.freetv.fun/xin-wen-zong-he-13.m3u8
欢笑剧场,https://zby.130519.xyz/PLTV/11/224/3221225771/index.m3u8
欢笑剧场,http://z.b.bkpcp.top/m.php?id=hxjc
欢笑剧场,http://gat.bkpcp.top/ymg.php?id=hxjc
欢笑剧场,http://goo.bkpcp.top/mg/hxjc
欢笑剧场,http://iptv.cdn.ha.chinamobile.com/PLTV/88888888/224/3221226704/index.m3u8
欢笑剧场,http://[2409:8087:5e00:24::1e]:6060/000000001000/5000000002000009455/1.m3u8
欢笑剧场,http://[2409:8087:1e01:20::3]/PLTV/11/224/3221225771/index.m3u8
欢笑剧场,http://[2409:8087:1e01:20::3]:80/PLTV/11/224/3221225771/index.m3u8
欢笑剧场,https://shyd.695847.xyz/cms001/ch00000090990000001490/index.m3u8?IASHttpSessionId=RR4967720251014100028031761&ispcode=12
欢笑剧场,https://shyd.695847.xyz/cms001/ch00000090990000001193/index.m3u8?IASHttpSessionId=RR4967720251014100028031761&ispcode=12
法治天地,http://171.83.103.119:9999/rtp/239.69.2.10:11214
法治天地,http://112.254.55.106:22222/rtp/239.253.254.96:8000
法治天地,https://zby.130519.xyz/PLTV/11/224/3221225994/index.m3u8
法治天地,http://php.jdshipin.com/itv6.php?cid=bestzb&id=9001547084732463424
法治天地,http://z.b.bkpcp.top/m.php?id=fztd
法治天地,http://iptv.cdn.ha.chinamobile.com/PLTV/88888888/224/3221226655/index.m3u8
法治天地,http://[2409:8087:5e01:24::16]:6610/000000001000/2000000002000000014/index.m3u8?stbId=3&livemode=1&HlsProfileId=&channel-id=hnbblive&Contentid=2000000002000000014&IASHttpSessionId=OTT19019320240419154124000281
法治天地,http://[2409:8087:5e08:25::4]:6610/000000001000/9001547084732463424/index.m3u8?channel-id=bestzb&Contentid=9001547084732463424&Ace
法治天地,http://[2409:8087:1e01:20::3]/PLTV/11/224/3221225994/index.m3u8
法治天地,http://[2409:8087:1e01:20::3]/PLTV/11/224/3221225994/1.m3u8
生活时尚,https://zby.130519.xyz/PLTV/11/224/3221225768/index.m3u8
生活时尚,https://stream1.freetv.fun/sheng-huo-shi-shang-13.m3u8
生活时尚,https://stream1.freetv.fun/sheng-huo-shi-shang-17.ctv
生活时尚,https://stream1.freetv.fun/sheng-huo-shi-shang-9.ctv
生活时尚,https://stream1.freetv.fun/sheng-huo-shi-shang-29.m3u8
生活时尚,https://stream1.freetv.fun/sheng-huo-shi-shang-5.ctv
生活时尚,https://stream1.freetv.fun/sheng-huo-shi-shang-4.ctv
生活时尚,https://stream1.freetv.fun/sheng-huo-shi-shang-24.m3u8
生活时尚,https://stream1.freetv.fun/sheng-huo-shi-shang-28.m3u8
生活时尚,https://stream1.freetv.fun/sheng-huo-shi-shang-1.ctv
第一财经,http://satellitepull.cnr.cn/live/wx32dycjgb/playlist.m3u8
第一财经,http://8.138.7.223/tv/shtv.php?id=dycj
第一财经,https://zby.130519.xyz/PLTV/11/224/3221225737/index.m3u8
第一财经,https://stream1.freetv.fun/di-yi-cai-jing-13.m3u8
第一财经,https://stream1.freetv.fun/ipv6-di-yi-cai-jing-8.m3u8
第一财经,http://ls.qingting.fm/live/276.m3u8
第一财经,https://stream1.freetv.fun/di-yi-cai-jing-6.ctv
第一财经,https://stream1.freetv.fun/ipv6-di-yi-cai-jing-11.m3u8
第一财经,https://stream1.freetv.fun/ipv6-di-yi-cai-jing-6.m3u8
第一财经,https://stream1.freetv.fun/di-yi-cai-jing-12.m3u8
纪实人文,http://ottrrs.hl.chinamobile.com/PLTV/88888888/224/3221225738/index.m3u8
纪实人文,https://stream1.freetv.fun/ipv6-ji-shi-ren-wen-12.m3u8
都市剧场,https://satellitepull.cnr.cn/live/wxcqxwgb/playlist.m3u8
都市剧场,https://zby.130519.xyz/PLTV/11/224/3221225762/index.m3u8
都市剧场,http://iptv.cdn.ha.chinamobile.com/PLTV/88888888/224/3221226694/index.m3u8
都市剧场,https://hls-gateway.vpstv.net/streams/708845.m3u8
都市剧场,http://[2409:8087:5e00:24::1e]:6060/000000001000/5000000011000031111/1.m3u8
都市剧场,http://[2409:8087:5e08:25::4]:6610/000000001000/5000000011000031111/index.m3u8?channel-id=bestzb&Contentid=5000000011000031111&Ace
都市剧场,http://[2409:8087:1e01:20::3]/PLTV/11/224/3221225762/index.m3u8
都市剧场,http://[2409:8087:1e01:20::3]:80/PLTV/11/224/3221225762/index.m3u8
都市剧场,https://shyd.695847.xyz/cms001/ch00000090990000001203/index.m3u8?IASHttpSessionId=RR4967720251014100028031761&ispcode=12
都市剧场,http://[2409:8087:1e01:20::3]/PLTV/11/224/3221226155/index.m3u8
璧山综合,http://222.179.42.129:8181/hls1.m3u8
铜梁综合,http://183.64.174.171:40123/ch1.m3u8
铜梁综合,http://183.64.174.171:40123/ch1.m3u8?zzhongqd
重庆汽摩,http://222.179.155.21:1935/ch1.m3u8?%E5%85%B3%E6%B3%A8%E5%BE%AE%E4%BF%A1%E5%85%AC%E4%BC%97%E5%8F%B7[%E6%99%B4%E5%9B%AD]
重庆汽摩,http://120.76.248.139/live/bfgd/4200000168.m3u8
潼南综合,http://183.230.184.51:65500/tntv1.m3u8
江津新闻综合,http://222.179.155.21:1935/ch1.m3u8?zzhongqd
江津新闻综合,http://222.179.155.21:1935/ch1.m3u8
万州综合,http://123.146.162.24:8017/iTXwrGs/800/live.m3u8?zzhongqd
万州三峡移民,http://123.146.162.24:8017/c2F0hmi/1000/live.m3u8
重庆新闻,http://38.75.136.137:98/gslb/dsdqpub/cqxw.m3u8?auth=testpub
重庆时尚购物,http://183.220.107.138:4022/rtp/239.10.0.169:5140
东海新闻,http://iptv.666230.xyz/iptv/jsyd.php/jsdonghaixinwen
优漫卡通,https://stream1.freetv.fun/you-man-qia-tong-11.m3u8
优漫卡通,https://www.freetv.top/migu/626064703.m3u8?migutoken=7f7c4b909389a0cd5172701768041a0f3887534c4534a68bf1dc85550389e9ab156655484be16e89604513fde9da2f036ebae28d31515b0be32eb12462f5de9d9cab8f00c44671241d5c6e1356
优漫卡通,https://www.freetv.top/migu/626064703.m3u8?migutoken=deac6c5275081b54ad412a195e499b7c0cb8f04446b6c80aaa9d3eb1063d620261c68202d59aea05060007b58a62d5d208f16379d861d6f1627c10c9dd894f0bf7e3ca97b04696255e193e871c
六合新闻综合,http://p2hs.vzan.com/720020/432453820030502236/live.m3u8
南京十八,https://mgtv.ottiptv.cc/migu/838151753.m3u8?migutoken=e1c3c9e2e67541d90ea94c4c917f96ecf43c6c0ae7c616929d8676e7c14bc5587ba870ce22575333640bfff61b05d4d468f6564c6251023f1ad20957cfe3b2c12e71b4662f83dce5d920a86c29
南京十八,http://gslbmgsplive.miguvideo.com/migu/kailu/nanjingsb/50/20230719/index.m3u8?msisdn=202509190801349730ff2fd0254ae4ad096d68d3fc7f35&mdspid=&spid=699067&netType=0&sid=5910021864&pid=2028597139&timestamp=20250919080134&Channel_ID=0116_2600000900-99000-201600010010027&ProgramID=838151753&ParentNodeID=-99&assertID=5910021864&client_ip=106.13.250.88&SecurityKey=20250919080134&promotionId=&mvid=5900006207&mcid=500020&playurlVersion=WX-A1-8.9.1-RELEASE&userid=&jmhm=&videocodec=h264&bean=mgspad&tid=android&conFee=0&puData=b0d57eedc76b6ea1b6b460ea0a8ac2d3&ddCalcu=3bd0e2d1c58a708eae0dace7066b46be6ab1
南京十八,http://gslbmgsplive.miguvideo.com/migu/kailu/nanjingsb/50/20230719/index.m3u8?msisdn=2025102308014162d44288f10c4a84b8b27a5f80ee99fd&mdspid=&spid=699067&netType=0&sid=5910021864&pid=2028597139&timestamp=20251023080141&Channel_ID=0116_2600000900-99000-201600010010027&ProgramID=838151753&ParentNodeID=-99&assertID=5910021864&client_ip=106.13.250.83&SecurityKey=20251023080141&promotionId=&mvid=5900006207&mcid=500020&playurlVersion=WX-A1-8.9.2-RELEASE&userid=&jmhm=&videocodec=h264&bean=mgspad&tid=android&conFee=0&puData=5a6e4ed4765e04fdb8e8bd37c3607a6c&ddCalcu=c56aea627e80406e3dc47736d5be80e48fbd
南京少儿,http://nklive.nbs.cn/hls/e0981f3f-1a20-4a59-b8d1-17feb83a4610/index.m3u8
南京教科,https://mgtv.ottiptv.cc/migu/838153729.m3u8?migutoken=0427a8c0867765b66984ce8ef774d494eeb52a2d6a7eefe17c4b03fa30923700917323b8951caa30617f3eecc1db2844cdff2f7470556533fbc072ad7a7cb0c6284344cc57983294a2b26f4303
南京教科,http://gslbmgsplive.miguvideo.com/migu/kailu/nanjingkj/50/20230719/index.m3u8?msisdn=2025091908013422d2a0f4ed5e4511b896d3d3645248f2&mdspid=&spid=699067&netType=0&sid=5910021865&pid=2028597139&timestamp=20250919080134&Channel_ID=0116_2600000900-99000-201600010010027&ProgramID=838153729&ParentNodeID=-99&assertID=5910021865&client_ip=106.13.250.88&SecurityKey=20250919080134&promotionId=&mvid=5900006205&mcid=500020&playurlVersion=WX-A1-8.9.1-RELEASE&userid=&jmhm=&videocodec=h264&bean=mgspad&tid=android&conFee=0&puData=52692ec9c72414583509ce0cd575172e&ddCalcu=e522e7611985207e5cd9cc07e2c491045538
南京教科,http://gslbmgsplive.miguvideo.com/migu/kailu/nanjingkj/50/20230719/index.m3u8?msisdn=20251023080141d50925a1117343ecb53b23bb6266f888&mdspid=&spid=699067&netType=0&sid=5910021865&pid=2028597139&timestamp=20251023080141&Channel_ID=0116_2600000900-99000-201600010010027&ProgramID=838153729&ParentNodeID=-99&assertID=5910021865&client_ip=106.13.250.83&SecurityKey=20251023080141&promotionId=&mvid=5900006205&mcid=500020&playurlVersion=WX-A1-8.9.2-RELEASE&userid=&jmhm=&videocodec=h264&bean=mgspad&tid=android&conFee=0&puData=b2b216d53c7175e66065d308271343c9&ddCalcu=9bc2e3b2428310167d25830c37d157650e66
南京教科,http://nklive.nbs.cn/hls/75b3c462-b831-4de7-a34b-5d3221db2069/index.m3u8
南京新闻综合,https://mgtv.ottiptv.cc/migu/838109047.m3u8?migutoken=d3d943815e6d6e9e9493a9b4b1d5a1d360bb5f3c04230f6d4d71f7f7c9f30771d321f1c262008c92ffde17fef4a62d1e1c58d5a9454573fb1489994d9be29f4e1cc7786813b671581eda4b9439
南京新闻综合,http://gslbmgsplive.miguvideo.com/migu/kailu/nanjingxwzh/50/20230719/index.m3u8?msisdn=202509190801346040f34e796a43e3821e1db9273c556a&mdspid=&spid=699067&netType=0&sid=5910021863&pid=2028597139&timestamp=20250919080134&Channel_ID=0116_2600000900-99000-201600010010027&ProgramID=838109047&ParentNodeID=-99&assertID=5910021863&client_ip=106.13.250.88&SecurityKey=20250919080134&promotionId=&mvid=5900006203&mcid=500020&playurlVersion=WX-A1-8.9.1-RELEASE&userid=&jmhm=&videocodec=h264&bean=mgspad&tid=android&conFee=0&puData=de89fe41d47757280f2c68af5d15033a&ddCalcu=ad3ee3810985f01ed451fda48767c527f208
南京新闻综合,http://gslbmgsplive.miguvideo.com/migu/kailu/nanjingxwzh/50/20230719/index.m3u8?msisdn=20251023080141b90781bc871243ca9ccefdd19990364a&mdspid=&spid=699067&netType=0&sid=5910021863&pid=2028597139&timestamp=20251023080141&Channel_ID=0116_2600000900-99000-201600010010027&ProgramID=838109047&ParentNodeID=-99&assertID=5910021863&client_ip=106.13.250.83&SecurityKey=20251023080141&promotionId=&mvid=5900006203&mcid=500020&playurlVersion=WX-A1-8.9.2-RELEASE&userid=&jmhm=&videocodec=h264&bean=mgspad&tid=android&conFee=0&puData=147e2c56380633b791b7bb2fc8bdccc9&ddCalcu=91c4ec72ce8d20bc85c6f328b0b673b31b97
南京新闻综合,http://nklive.nbs.cn/hls/d511bc9d-a694-4453-b3a2-4fc842cc97a1/index.m3u8
南通新闻综合,https://mgtv.ottiptv.cc/migu/955227985.m3u8?migutoken=03e9c85f19b5ac291f5863436507873a8f47ec3c677c7857c89bda5778edc8e38fc38b4270aa374c49eee39b39ffaf80a20b750130c27760df766c0cf7b5d437be8dc60c1ced9117d98f6c9b3e
南通新闻综合,http://gslbmgsplive.miguvideo.com/migu/kailu/ntxwzh/51/20250604/index.m3u8?msisdn=202509190801352ef9ff3bad3f4a65b064683f87e439c3&mdspid=&spid=699067&netType=0&sid=5910022178&pid=2028597139&timestamp=20250919080135&Channel_ID=0116_2600000900-99000-201600010010027&ProgramID=955227985&ParentNodeID=-99&assertID=5910022178&client_ip=106.13.250.88&SecurityKey=20250919080135&promotionId=&mvid=5900006706&mcid=500020&playurlVersion=WX-A1-8.9.1-RELEASE&userid=&jmhm=&videocodec=h264&bean=mgspad&tid=android&conFee=0&puData=98aea868da861defcb53a7c9f1ba5a81&ddCalcu=1988eaa15e5aa0b816f89dca78a6315dbecf
南通新闻综合,http://gslbmgsplive.miguvideo.com/migu/kailu/ntxwzh/51/20250604/index.m3u8?msisdn=202510230801432bba200bfb354535b9886f031208cce3&mdspid=&spid=699067&netType=0&sid=5910022178&pid=2028597139&timestamp=20251023080143&Channel_ID=0116_2600000900-99000-201600010010027&ProgramID=955227985&ParentNodeID=-99&assertID=5910022178&client_ip=106.13.250.83&SecurityKey=20251023080143&promotionId=&mvid=5900006706&mcid=500020&playurlVersion=WX-A1-8.9.2-RELEASE&userid=&jmhm=&videocodec=h264&bean=mgspad&tid=android&conFee=0&puData=2e507c0ae7d1d63de0a405794c6b1217&ddCalcu=721ee252105b706cc04a9e775d014da603ed
南通新闻综合,http://gslbmgsplive.miguvideo.com/migu/kailu/ntxwzh/51/20250604/index.m3u8?msisdn=202510240800592b66efbec2f342349068cf9b89987f0e&mdspid=&spid=699067&netType=0&sid=5910022178&pid=2028597139&timestamp=20251024080059&Channel_ID=0116_2600000900-99000-201600010010027&ProgramID=955227985&ParentNodeID=-99&assertID=5910022178&client_ip=106.13.250.88&SecurityKey=20251024080059&promotionId=&mvid=5900006706&mcid=500020&playurlVersion=WX-A1-8.9.2-RELEASE&userid=&jmhm=&videocodec=h264&bean=mgspad&tid=android&conFee=0&puData=c30e235addfb289fd6b4a087caa89b23&ddCalcu=3c23eb029e5820a3a5ca7d8d0fab42b869df
南通新闻综合,http://gslbmgsplive.miguvideo.com/migu/kailu/ntxwzh/51/20250604/index.m3u8?msisdn=20251025080102df5bfd8079f1495a93b5db8970ebcd80&mdspid=&spid=699067&netType=0&sid=5910022178&pid=2028597139&timestamp=20251025080102&Channel_ID=0116_2600000900-99000-201600010010027&ProgramID=955227985&ParentNodeID=-99&assertID=5910022178&client_ip=106.13.250.90&SecurityKey=20251025080102&promotionId=&mvid=5900006706&mcid=500020&playurlVersion=WX-A1-8.9.2-RELEASE&userid=&jmhm=&videocodec=h264&bean=mgspad&tid=android&conFee=0&puData=bce85213974cffcdcc52779b9d090656&ddCalcu=6b5ce6e208595002d193b997747c2f5fcccd
句容党建,http://jrlive.jrntv.com/live/_definst_/dangjians/playlist.m3u8?%E5%85%B3%E6%B3%A8%E5%BE%AE%E4%BF%A1%E5%85%AC%E4%BC%97%E5%8F%B7[%E6%99%B4%E5%9B%AD]
句容党建,http://43.251.226.89:8080/play/533.m3u8
句容影院,http://jrlive.jrntv.com/live/_definst_/yingshis/chunklist_w1994429382.m3u8?zjiangsd
句容新闻综合,http://jrlive.jrntv.com/live/_definst_/jrxwzhs/playlist.m3u8
句容新闻综合,http://jrlive.jrntv.com/live/_definst_/jrxwzhs/playlist.m3u8?zjiangsd
句容生活,http://jrlive.jrntv.com/live/_definst_/shenghuos/playlist.m3u8?%E5%85%B3%E6%B3%A8%E5%BE%AE%E4%BF%A1%E5%85%AC%E4%BC%97%E5%8F%B7[%E6%99%B4%E5%9B%AD]
宜兴新闻,https://stream1.freetv.fun/yi-xing-xin-wen-1.m3u8
宜兴新闻,https://stream1.freetv.fun/yi-xing-xin-wen-2.m3u8
宜兴新闻,https://t.freetv.fun/live/yi-xing-xin-wen-1.m3u8
宜兴紫砂,rtmp://yixing-tv-ori-hls.jstv.com/yixing-tv-ori/yixing_zs
宿迁公共,http://iptv.666230.xyz/iptv/jsyd.php/G_SQGG
常州公共,http://iptv.666230.xyz/iptv/jsyd.php/jsczgonggong
常州生活,http://iptv.666230.xyz/iptv/jsyd.php/jsczshenghuo
常州都市,http://iptv.666230.xyz/iptv/jsyd.php/jsczdushi
常熟民生,rtmp://cstvplay.21cs.cn/cstv2/cstv2
徐州公共,http://iptv.666230.xyz/iptv/jsyd.php/xzgg
新沂新闻,http://live.xysrmt.cn/xwzh/sd/live.m3u8?zjiangsd"
新沂生活,http://live.xysrmt.cn/shpd/sd/live.m3u8?zjiangsd
无锡娱乐,http://stream.thmz.com/wxtv2/playlist.m3u8?_upt=5ff4061f1706166872
无锡娱乐,http://stream.thmz.com/wxtv2/sd/live.m3u8?_upt=acffe97a1704940314
无锡娱乐,https://stream.thmz.com/wxtv2/playlist.m3u8
无锡娱乐,http://stream.thmz.com/wxtv2/sd/live.m3u8
无锡娱乐,http://stream.thmz.com/wxtv2/sd/live.m3u8?_upt=978cd8731706199708
无锡娱乐,http://stream.thmz.com/wxtv2/sd/live.m3u8?zjiangsd#http://stream.thmz.com/wxtv2/playlist.m3u8?_upt=5ff4061f1706166872#http://stream.thmz.com/wxtv2/playlist.m3u8#http://stream.thmz.com/wxtv2/sd/live.m3u8?_upt=acffe97a1704940314
无锡新闻综合,http://stream.thmz.com/wxtv1/playlist.m3u8
无锡新闻综合,http://stream.thmz.com/wxtv1/playlist.m3u8?_upt=156143371706166361
无锡新闻综合,http://stream.thmz.com/wxtv1/sd/live.m3u8?_upt=4ba3ab191698644028
无锡新闻综合,http://stream.thmz.com/wxtv1/sd/live.m3u8
无锡新闻综合,http://stream.thmz.com/wxtv1/sd/live.m3u8?zjiangsd#http://stream.thmz.com/wxtv1/playlist.m3u8?_upt=156143371706166361#http://stream.thmz.com/wxtv1/sd/live.m3u8?_upt=4ba3ab191698644028#http://stream.thmz.com/wxtv1/playlist.m3u8
无锡生活,http://stream.thmz.com/wxtv4/playlist.m3u8?_upt=8c51357c1707362770
无锡生活,https://stream.thmz.com/wxtv4/playlist.m3u8
无锡生活,http://stream.thmz.com/wxtv4/sd/live.m3u8
无锡生活,http://stream.thmz.com/wxtv4/sd/live.m3u8?_upt=978cd8731706199708
无锡经济,https://stream.thmz.com/wxtv5/playlist.m3u8
无锡经济,http://stream.thmz.com/wxtv5/sd/live.m3u8?zjiangsd
无锡经济,http://stream.thmz.com/wxtv5/playlist.m3u8?_upt=10155d141706166867
无锡经济,http://stream.thmz.com/wxtv5/playlist.m3u8
无锡经济,http://stream.thmz.com/wxtv5/sd/live.m3u8?_upt=cfacd5221704890772
无锡经济,http://stream.thmz.com/wxtv5/playlist.m3u8?_upt=2e07387a1707368071
无锡经济,http://stream.thmz.com/wxtv5/sd/live.m3u8?_upt=978cd8731706199708
无锡经济,http://stream.thmz.com/wxtv5/sd/live.m3u8?_upt=31414f601706199828
无锡经济,http://stream.thmz.com/wxtv5/sd/live.m3u8?zjiangsd#http://stream.thmz.com/wxtv5/playlist.m3u8?_upt=10155d141706166867#http://stream.thmz.com/wxtv5/playlist.m3u8#http://stream.thmz.com/wxtv5/sd/live.m3u8?_upt=cfacd5221704890772
无锡经济,http://stream.thmz.com/wxtv5/sd/live.m3u8
无锡都市资讯,http://stream.thmz.com/wxtv3/playlist.m3u8
无锡都市资讯,http://stream.thmz.com/wxtv3/playlist.m3u8?_upt=1758133b1706166861
无锡都市资讯,http://stream.thmz.com/wxtv3/sd/live.m3u8?_upt=978cd8731706199708
无锡都市资讯,http://stream.thmz.com/wxtv3/sd/live.m3u8
无锡都市资讯,http://stream.thmz.com/wxtv3/sd/live.m3u8?zjiangsd#http://stream.thmz.com/wxtv3/sd/live.m3u8?_upt=978cd8731706199708#http://stream.thmz.com/wxtv3/playlist.m3u8#http://stream.thmz.com/wxtv3/playlist.m3u8?_upt=1758133b1706166861
武进新闻,http://live.wjyanghu.com/live/CH1.m3u8?%E5%85%B3%E6%B3%A8%E5%BE%AE%E4%BF%A1%E5%85%AC%E4%BC%97%E5%8F%B7[%E6%99%B4%E5%9B%AD]
武进新闻,https://live.wjyanghu.com/live/CH1.m3u8
武进新闻,https://live.wjyanghu.com/live/CH1.m3u8?%E5%85%B3%E6%B3%A8%E5%BE%AE%E4%BF%A1%E5%85%AC%E4%BC%97%E5%8F%B7[%E6%99%B4%E5%9B%AD]
武进新闻,http://yp.qqqtv.top/1/api.php?id=%E6%AD%A6%E8%BF%9B%E6%96%B0%E9%97%BB%E9%A2%91%E9%81%93&auth=666858
武进生活,http://live.wjyanghu.com/live/CH2.m3u8
武进生活,http://43.251.226.89:8080/play/522.m3u8
江宁新闻,https://migu.188766.xyz/?migutoken=77969fb082a75b798578427f3570edd2&id=%E4%BD%93%E8%82%B2%E4%BC%91%E9%97%B2%E9%A2%91%E9%81%93&type=yy
江苏体育,https://migu.188766.xyz/?migutoken=90d4e3f3f8a5288cc5aac4a92021e341&id=%E4%BD%93%E8%82%B2%E4%BC%91%E9%97%B2%E9%A2%91%E9%81%93&type=yy
江苏体育,https://migu.188766.xyz/?migutoken=af50fdc5b09032a97cf990bd6f36aef2&id=%E4%BD%93%E8%82%B2%E4%BC%91%E9%97%B2%E9%A2%91%E9%81%93&type=yy
江苏体育,https://migu.188766.xyz/?migutoken=25d75081796a390b82f0299988e556ac&id=%E4%BD%93%E8%82%B2%E4%BC%91%E9%97%B2%E9%A2%91%E9%81%93&type=yy
江苏体育,https://migu.188766.xyz/?migutoken=721cd3a9b6d2cd1a0e378a6a68ae2702&id=%E4%BD%93%E8%82%B2%E4%BC%91%E9%97%B2%E9%A2%91%E9%81%93&type=yy
江苏体育,https://migu.188766.xyz/?migutoken=e37f9d8dbdb18b5cdfd250b672323263&id=%E4%BD%93%E8%82%B2%E4%BC%91%E9%97%B2%E9%A2%91%E9%81%93&type=yy
江苏体育,https://stream1.freetv.fun/jiang-su-ti-yu-1.ctv
江苏体育,https://migu.188766.xyz/?migutoken=e7cad15a67e285fc33476bc66661384a&id=%E4%BD%93%E8%82%B2%E4%BC%91%E9%97%B2%E9%A2%91%E9%81%93&type=yy
江苏体育,https://stream1.freetv.fun/jiang-su-ti-yu-4.ctv
江苏体育,https://migu.188766.xyz/?migutoken=0a9b4a5bbdea61549a458d098b7c5096&id=%E4%BD%93%E8%82%B2%E4%BC%91%E9%97%B2%E9%A2%91%E9%81%93&type=yy
江苏公共,http://iptv.666230.xyz/iptv/jsyd.php/G_JSGG
江苏城市,https://iptv.catvod.com/live.php?id=%E6%B1%9F%E8%8B%8F%E5%9F%8E%E5%B8%82%E9%A2%91%E9%81%93
江苏城市,https://stream1.freetv.fun/675206b8446ce719bfb293b5a5296db3aa26521c9810de7c996838247cc56964.ctv
江苏城市,http://z.b.bkpcp.top/m.php?id=jscs
江苏城市,http://gslbmgsplive.miguvideo.com/wd_r2/jstv/jschengshi/600/index.m3u8?msisdn=202509030900312c5ad926e30449e5b9405f27a3fde9a6&mdspid=&spid=699067&netType=0&sid=5500260508&pid=2028597139&timestamp=20250903090031&Channel_ID=0116_2600037000-99000-200300220100002&ProgramID=626064714&ParentNodeID=-99&assertID=5500260508&client_ip=106.13.250.83&SecurityKey=20250903090031&promotionId=&mvid=5100186409&mcid=500020&playurlVersion=WX-A1-8.8.1-RELEASE&userid=&jmhm=&videocodec=h264&bean=mgspad&tid=android&conFee=0&puData=3712225a575d903704881b6443f50a06&ddCalcu=6307va1a02x52af2354a4567b51d89804307&sv=10004&ct=android
江苏城市,https://mgtv.ottiptv.cc/migu/626064714.m3u8?migutoken=02cafbc9d94c9e5e26c383c50287313c55f7e68abea08e811428e9b13cd8e46f93919d1a0859b1c76d8e4e78e1f7b8a6f89d71daf38a8275ac7633b59bcdb7cbf189e3152afb4fa80fadf4b134
江苏城市,http://gslbmgsplive.miguvideo.com/wd_r2/jstv/jschengshi/600/index.m3u8?msisdn=2025102308014130dd0a5e627f42499c11a2ab2361d34e&mdspid=&spid=699067&netType=0&sid=5500260508&pid=2028597139&timestamp=20251023080141&Channel_ID=0116_2600000900-99000-201600010010027&ProgramID=626064714&ParentNodeID=-99&assertID=5500260508&client_ip=106.13.250.83&SecurityKey=20251023080141&promotionId=&mvid=5100186409&mcid=500020&playurlVersion=WX-A1-8.9.2-RELEASE&userid=&jmhm=&videocodec=h264&bean=mgspad&tid=android&conFee=0&puData=5d7ae839a5e5f0b92b0a6b3471204437&ddCalcu=753de4724a60e02813794a35be65af00bb29
江苏城市,https://stream1.freetv.fun/jiang-su-cheng-shi-7.m3u8
江苏城市,http://gslbmgsplive.miguvideo.com/wd_r2/jstv/jschengshi/600/index.m3u8?msisdn=202510240800588fc3b82544a14452832128fa5d5a06e0&mdspid=&spid=699067&netType=0&sid=5500260508&pid=2028597139&timestamp=20251024080058&Channel_ID=0116_2600000900-99000-201600010010027&ProgramID=626064714&ParentNodeID=-99&assertID=5500260508&client_ip=106.13.250.88&SecurityKey=20251024080058&promotionId=&mvid=5100186409&mcid=500020&playurlVersion=WX-A1-8.9.2-RELEASE&userid=&jmhm=&videocodec=h264&bean=mgspad&tid=android&conFee=0&puData=8926243c6d96bc2b45ee86fbcb2451f1&ddCalcu=18f9e12256642024b3ccb6fd6986ebec524b
江苏城市,http://gslbmgsplive.miguvideo.com/wd_r2/jstv/jschengshi/600/index.m3u8?msisdn=20251025080101ab69bd3b555244cebecc8604efb5a5a2&mdspid=&spid=699067&netType=0&sid=5500260508&pid=2028597139&timestamp=20251025080101&Channel_ID=0116_2600000900-99000-201600010010027&ProgramID=626064714&ParentNodeID=-99&assertID=5500260508&client_ip=106.13.250.90&SecurityKey=20251025080101&promotionId=&mvid=5100186409&mcid=500020&playurlVersion=WX-A1-8.9.2-RELEASE&userid=&jmhm=&videocodec=h264&bean=mgspad&tid=android&conFee=0&puData=683e0ed68a2d415532c228c24c8c2767&ddCalcu=7668e7322e6c008ecd4628ca822d24c12535
江苏城市,http://gslbmgsplive.miguvideo.com/wd_r2/jstv/jschengshi/600/index.m3u8?msisdn=202510260800570341656ce9a34a0299391875145072ee&mdspid=&spid=699067&netType=0&sid=5500260508&pid=2028597139&timestamp=20251026080057&Channel_ID=0116_2600000900-99000-201600010010027&ProgramID=626064714&ParentNodeID=-99&assertID=5500260508&client_ip=106.13.250.83&SecurityKey=20251026080057&promotionId=&mvid=5100186409&mcid=500020&playurlVersion=WX-A1-8.9.2-RELEASE&userid=&jmhm=&videocodec=h264&bean=mgspad&tid=android&conFee=0&puData=9dcd3c19797e0c00a88aca0c9a5b4642&ddCalcu=294de6c24d6b305ca199c709a7cea08c80a0
江苏影视,https://iptv.catvod.com/live.php?id=%E6%B1%9F%E8%8B%8F%E5%BD%B1%E8%A7%86%E9%A2%91%E9%81%93
江苏影视,https://stream1.freetv.fun/a89dd489fa013bc4f36bcc4afe388f1783e2251c276e2566a9359d68a61c6d91.ctv
江苏影视,http://z.b.bkpcp.top/m.php?id=jsys
江苏影视,https://migu.188766.xyz/?migutoken=91756b74eb13850e4c87b15c25817e42&id=%E6%B1%9F%E8%8B%8F%E5%BD%B1%E8%A7%86%E9%A2%91%E9%81%93&type=yy
江苏影视,http://gslbmgsplive.miguvideo.com/wd_r2/jstv/jsyingshi/600/index.m3u8?msisdn=2025090309003105f41cc73cf04c92833c2265c0140111&mdspid=&spid=699067&netType=0&sid=5500260517&pid=2028597139&timestamp=20250903090031&Channel_ID=0116_2600037000-99000-200300220100002&ProgramID=626064697&ParentNodeID=-99&assertID=5500260517&client_ip=106.13.250.83&SecurityKey=20250903090031&promotionId=&mvid=5100186424&mcid=500020&playurlVersion=WX-A1-8.8.1-RELEASE&userid=&jmhm=&videocodec=h264&bean=mgspad&tid=android&conFee=0&puData=6814112e9248d0d7b2bc482bd82b9897&ddCalcu=7698v81a94wb1a2182deb9228448cdb02db7&sv=10004&ct=android
江苏影视,https://mgtv.ottiptv.cc/migu/626064697.m3u8?migutoken=6508bc5fae9f621ed6ec72d39eb7f60ab52c4b412a5ee7f5b612640ecccbde1f9584f0a97aebc090cb58f73e9e079ced87b059526a6614b5a9ad5a23ff4863d36adcc1ed699583e058fac3330e
江苏影视,https://migu.188766.xyz/?migutoken=a308c85adb0e5626191f1f92114fec1c&id=%E6%B1%9F%E8%8B%8F%E5%BD%B1%E8%A7%86%E9%A2%91%E9%81%93&type=yy
江苏影视,http://gslbmgsplive.miguvideo.com/wd_r2/jstv/jsyingshi/600/index.m3u8?msisdn=20251023080142772bf60e882f42cebdb0f8be760fd6b7&mdspid=&spid=699067&netType=0&sid=5500260517&pid=2028597139&timestamp=20251023080142&Channel_ID=0116_2600000900-99000-201600010010027&ProgramID=626064697&ParentNodeID=-99&assertID=5500260517&client_ip=106.13.250.83&SecurityKey=20251023080142&promotionId=&mvid=5100186424&mcid=500020&playurlVersion=WX-A1-8.9.2-RELEASE&userid=&jmhm=&videocodec=h264&bean=mgspad&tid=android&conFee=0&puData=08704ae8cfefd451664dee9c23c79ed1&ddCalcu=10d8ee72906740ca3e28cc9feeefdd446561
江苏影视,https://migu.188766.xyz/?migutoken=023ca3fa558e18a1f99ec6d948ad8e9e&id=%E6%B1%9F%E8%8B%8F%E5%BD%B1%E8%A7%86%E9%A2%91%E9%81%93&type=yy
江苏影视,http://gslbmgsplive.miguvideo.com/wd_r2/jstv/jsyingshi/600/index.m3u8?msisdn=202510240800581f7cec0b4b0d4f85a55224d468cbc56d&mdspid=&spid=699067&netType=0&sid=5500260517&pid=2028597139&timestamp=20251024080058&Channel_ID=0116_2600000900-99000-201600010010027&ProgramID=626064697&ParentNodeID=-99&assertID=5500260517&client_ip=106.13.250.88&SecurityKey=20251024080058&promotionId=&mvid=5100186424&mcid=500020&playurlVersion=WX-A1-8.9.2-RELEASE&userid=&jmhm=&videocodec=h264&bean=mgspad&tid=android&conFee=0&puData=8a89abe289ca2d05b7f942cd6dbe231d&ddCalcu=d81ae382296ea0bbde62d8c92c4a92fd70b5
江苏教育,https://iptv.catvod.com/live.php?id=%E6%B1%9F%E8%8B%8F%E6%95%99%E8%82%B2
江苏教育,https://stream1.freetv.fun/7174b4fd66ddb2a7456b7040105dc27a1e57c166593870bb773cb5f6b4546c54.ctv
江苏教育,http://z.b.bkpcp.top/m.php?id=jsjy
江苏教育,http://goo.bkpcp.top/mg/jsjy
江苏教育,https://migu.188766.xyz/?migutoken=bfd96895aa8e3e9aa47561510518c058&id=%E6%B1%9F%E8%8B%8F%E6%95%99%E8%82%B2&type=yy
江苏教育,http://gslbmgsplive.miguvideo.com/wd_r2/jstv/jsjiaoyu/600/index.m3u8?msisdn=20250903090031d7e536b9e78c4a42b0841922e44a4a36&mdspid=&spid=699067&netType=0&sid=5500287493&pid=2028597139&timestamp=20250903090031&Channel_ID=0116_2600037000-99000-200300220100002&ProgramID=628008321&ParentNodeID=-99&assertID=5500287493&client_ip=106.13.250.83&SecurityKey=20250903090031&promotionId=&mvid=5101012819&mcid=500020&playurlVersion=WX-A1-8.8.1-RELEASE&userid=&jmhm=&videocodec=h264&bean=mgspad&tid=android&conFee=0&puData=d3e3bd992ebf554d360ba9b83b9b179d&ddCalcu=dd93v7ea13bbba9db93982be9bafb505643d&sv=10004&ct=android
江苏教育,https://mgtv.ottiptv.cc/migu/628008321.m3u8?migutoken=2a14b3aabc488208548ee93104e880b74d4a395bfa44d7066aecd401da116ee25176f823087e3b4982d4720bd660d81bfff58ed9193c1df26c94a3e4f7a6c10952e5d975a5e4f6244fd9dcc62d
江苏教育,https://migu.188766.xyz/?migutoken=7033071779ec5fd7cf46066cc021214c&id=%E6%B1%9F%E8%8B%8F%E6%95%99%E8%82%B2&type=yy
江苏教育,http://gslbmgsplive.miguvideo.com/wd_r2/jstv/jsjiaoyu/600/index.m3u8?msisdn=202510230801429e18fd6e59b3463fbb4cb21323871fcd&mdspid=&spid=699067&netType=0&sid=5500287493&pid=2028597139&timestamp=20251023080142&Channel_ID=0116_2600000900-99000-201600010010027&ProgramID=628008321&ParentNodeID=-99&assertID=5500287493&client_ip=106.13.250.83&SecurityKey=20251023080142&promotionId=&mvid=5101012819&mcid=500020&playurlVersion=WX-A1-8.9.2-RELEASE&userid=&jmhm=&videocodec=h264&bean=mgspad&tid=android&conFee=0&puData=34594832361df23b864151102172f277&ddCalcu=7374e252f982407813220316115d1f42638b
江苏教育,https://migu.188766.xyz/?migutoken=81ed29aac10ed30ea808adbe9ef15937&id=%E6%B1%9F%E8%8B%8F%E6%95%99%E8%82%B2&type=yy
沭阳综合,https://shuyang-tv-hls.cm.jstv.com:443/shuyang-tv/shuyangzh.m3u8
泗洪新闻综合,http://live1.habctv.com/ggpdsl/sd/live.m3u8?zjiangsd#http://live1.habctv.com/ggpdsl/sd/live.m3u8
泗阳综合,http://3739115337.cloudvdn.com/a.m3u8?domain=siyang-tv-hls.cm.jstv.com&player=nwEAAKHdjSKP_58X&secondToken=secondToken%3A5FUijZmDyNMxtCDdne0YzSAwjuw&streamid=siyang-tv%3Asiyang-tv%2Fsiyangzh&v3=1
泗阳资讯,http://43.251.226.89:8080/play/530.m3u8
泰州一套新闻综合,https://stream1.freetv.fun/tai-zhou-yi-tao-xin-wen-zong-he-4.m3u8
涟水电视台综合,rtmp://lianshui-tv-hls.cm.jstv.com/lianshui-tv/lsxw
涟水电视台综合,https://lianshui-tv-hls.cm.jstv.com:443/lianshui-tv/lsxw.m3u8
涟水电视台综合,http://lianshui-tv-hls.cm.jstv.com/lianshui-tv/lsxw.m3u8?zjiangsd
涟水电视台综合,http://live1.habctv.com/ggpdsl/sd/live.m3u8?zjiangsd
涟水电视台综合,http://live1.habctv.com/ggpdsl/sd/live.m3u8
涟水电视台综合,http://lianshui-tv-hls.cm.jstv.com/lianshui-tv/lsxw.m3u8?zjiangsd,
淮安影院娱乐,http://live1.habctv.com/ysylsl/sd/live.m3u8?zjiangsd
淮安影院娱乐,http://live1.habctv.com/ysylsl/sd/live.m3u8
淮安新闻综合,https://mgtv.ottiptv.cc/migu/639731826.m3u8?migutoken=383a4690d772fe16ccec98f2da2e7e0c3b362ae2d9a0fa219e9a7bb76bb96d4ca6392f861efb0a61154552c563897f4660867745735f85e310ec9fb52d7fc55cd30da8d55169f8c415c5a69a15
淮安新闻综合,http://gslbmgsplive.miguvideo.com/wd_r2/jstv/haxinwenzonghe/600/index.m3u8?msisdn=2025091908013583ce7f12af754a16ba29f7c2626810f0&mdspid=&spid=699067&netType=0&sid=5500469363&pid=2028597139&timestamp=20250919080135&Channel_ID=0116_2600000900-99000-201600010010027&ProgramID=639731826&ParentNodeID=-99&assertID=5500469363&client_ip=106.13.250.88&SecurityKey=20250919080135&promotionId=&mvid=5102012618&mcid=500020&playurlVersion=WX-A1-8.9.1-RELEASE&userid=&jmhm=&videocodec=h264&bean=mgspad&tid=android&conFee=0&puData=8f83667dfa073a4952557e51d015d22c&ddCalcu=c82fe281d395601607dd1f5ae077535a2459
淮安新闻综合,http://gslbmgsplive.miguvideo.com/wd_r2/jstv/haxinwenzonghe/600/index.m3u8?msisdn=20251023080142941c175264e346bdb28fc24a4c0fff92&mdspid=&spid=699067&netType=0&sid=5500469363&pid=2028597139&timestamp=20251023080142&Channel_ID=0116_2600000900-99000-201600010010027&ProgramID=639731826&ParentNodeID=-99&assertID=5500469363&client_ip=106.13.250.83&SecurityKey=20251023080142&promotionId=&mvid=5102012618&mcid=500020&playurlVersion=WX-A1-8.9.2-RELEASE&userid=&jmhm=&videocodec=h264&bean=mgspad&tid=android&conFee=0&puData=228f78becdd3f1c2f4ea311cb51557e2&ddCalcu=22e2e7825f9570185bbecc1d1d33afe14cf2
淮安新闻综合,http://gslbmgsplive.miguvideo.com/wd_r2/jstv/haxinwenzonghe/600/index.m3u8?msisdn=2025102408005841cc8f9eb2074fbabaeaef4617e0ca47&mdspid=&spid=699067&netType=0&sid=5500469363&pid=2028597139&timestamp=20251024080058&Channel_ID=0116_2600000900-99000-201600010010027&ProgramID=639731826&ParentNodeID=-99&assertID=5500469363&client_ip=106.13.250.88&SecurityKey=20251024080058&promotionId=&mvid=5102012618&mcid=500020&playurlVersion=WX-A1-8.9.2-RELEASE&userid=&jmhm=&videocodec=h264&bean=mgspad&tid=android&conFee=0&puData=d70ba06f67ad26900d75c4f6652b7fa4&ddCalcu=4da7ef027b9ba020566f66f74acd5276d900
淮阴综合,https://huaiyin-tv-replay.cm.jstv.com/huaiyin-tv/huaiyinf.m3u8
溧水新闻综合,https://mgtv.ottiptv.cc/migu/639737327.m3u8?migutoken=4c07b7afe94ad06d114a6bccae5747804d493ab7b1100069e485b78d3cb91c0fb0dbd92aa90a6157d7066e5b90780fabf5e150e17ebb9bc72b8bb18f43c5acddd1c0fd4d1904a99210aa962135
溧水新闻综合,http://gslbmgsplive.miguvideo.com/migu/kailu/wxxwzh/51/20250604/index.m3u8?msisdn=202509190801368edab7fc3daa499fa4e273d73d8b9f2d&mdspid=&spid=699067&netType=0&sid=5500469349&pid=2028597139&timestamp=20250919080136&Channel_ID=0116_2600000900-99000-201600010010027&ProgramID=639737327&ParentNodeID=-99&assertID=5500469349&client_ip=106.13.250.88&SecurityKey=20250919080136&promotionId=&mvid=5102012612&mcid=500020&playurlVersion=WX-A1-8.9.1-RELEASE&userid=&jmhm=&videocodec=h264&bean=mgspad&tid=android&conFee=0&puData=c3e71707790a9a58ff5c4df8b135c614&ddCalcu=4c13e6e1c795103710b787f9d04ac95af5f8
溧水新闻综合,http://gslbmgsplive.miguvideo.com/migu/kailu/wxxwzh/51/20250604/index.m3u8?msisdn=20251023080144558f016a4098437fa4b5f82b16dbaeb4&mdspid=&spid=699067&netType=0&sid=5500469349&pid=2028597139&timestamp=20251023080144&Channel_ID=0116_2600000900-99000-201600010010027&ProgramID=639737327&ParentNodeID=-99&assertID=5500469349&client_ip=106.13.250.83&SecurityKey=20251023080144&promotionId=&mvid=5102012612&mcid=500020&playurlVersion=WX-A1-8.9.2-RELEASE&userid=&jmhm=&videocodec=h264&bean=mgspad&tid=android&conFee=0&puData=d70adf995324060624c3825a44083d19&ddCalcu=9d17ed023a98d00f4949a553228430c64026
溧水新闻综合,http://gslbmgsplive.miguvideo.com/migu/kailu/wxxwzh/51/20250604/index.m3u8?msisdn=202510240800594a9687dbd7324f45ae45174f1227d3ad&mdspid=&spid=699067&netType=0&sid=5500469349&pid=2028597139&timestamp=20251024080059&Channel_ID=0116_2600000900-99000-201600010010027&ProgramID=639737327&ParentNodeID=-99&assertID=5500469349&client_ip=106.13.250.88&SecurityKey=20251024080059&promotionId=&mvid=5102012612&mcid=500020&playurlVersion=WX-A1-8.9.2-RELEASE&userid=&jmhm=&videocodec=h264&bean=mgspad&tid=android&conFee=0&puData=287022ec4f8292e91b2eca7dd26993d3&ddCalcu=32d8e372909920622edcd47fa8c2e922be19
溧水新闻综合,http://gslbmgsplive.miguvideo.com/migu/kailu/wxxwzh/51/20250604/index.m3u8?msisdn=20251025080102f85a6abac0d64c679ab538b375a256e3&mdspid=&spid=699067&netType=0&sid=5500469349&pid=2028597139&timestamp=20251025080102&Channel_ID=0116_2600000900-99000-201600010010027&ProgramID=639737327&ParentNodeID=-99&assertID=5500469349&client_ip=106.13.250.90&SecurityKey=20251025080102&promotionId=&mvid=5102012612&mcid=500020&playurlVersion=WX-A1-8.9.2-RELEASE&userid=&jmhm=&videocodec=h264&bean=mgspad&tid=android&conFee=0&puData=c4c759517172dc16ebdc0de9d4416c8c&ddCalcu=cc84ecc26791504945d197e1d702cddcb1e6
滨海新闻综合,http://traffic.jbh.tjbh.com/live/bhtv10/playlist.m3u8
睢宁三农,http://iptv.666230.xyz/iptv/jsyd.php/xzsnsn
睢宁综合,https://live-auth.51kandianshi.com/szgd/csztv4k_hd.m3u8
睢宁综合,http://iptv.666230.xyz/iptv/jsyd.php/xzsnzh
睢宁资讯,http://iptv.666230.xyz/iptv/jsyd.php/xzsnzx
苏州文化生活,https://live-auth.51kandianshi.com/szgd/csztv3.m3u8
苏州文化生活,https://stream1.freetv.fun/su-zhou-wen-hua-sheng-huo-2.m3u8
苏州新闻综合,https://live-auth.51kandianshi.com/szgd/csztv1.m3u8
苏州新闻综合,https://stream1.freetv.fun/su-zhou-xin-wen-zong-he-13.m3u8
苏州生活资讯,https://live-auth.51kandianshi.com/szgd/csztv5.m3u8
苏州生活资讯,https://stream1.freetv.fun/su-zhou-sheng-huo-zi-xun-1.m3u8
苏州生活资讯,https://t.freetv.fun/live/su-zhou-sheng-huo-zi-xun.m3u8
苏州社会经济,https://live-auth.51kandianshi.com/szgd/csztv2.m3u8
苏州社会经济,https://stream1.freetv.fun/su-zhou-she-hui-jing-ji-2.m3u8
苏州社会经济,https://t.freetv.fun/live/su-zhou-she-hui-jing-ji.m3u8
连云港公共,http://iptv.666230.xyz/iptv/jsyd.php/jslyggonggongpd
连云港新闻综合,https://iptv.catvod.com/live.php?id=%E8%BF%9E%E4%BA%91%E6%B8%AF%E6%96%B0%E9%97%BB%E7%BB%BC%E5%90%88
连云港新闻综合,http://z.b.bkpcp.top/m.php?id=lygxwzh
连云港新闻综合,https://migu.188766.xyz/?migutoken=1b0d5ada0a7a68f9bc0ad66f4464a69d&id=%E8%BF%9E%E4%BA%91%E6%B8%AF%E6%96%B0%E9%97%BB%E7%BB%BC%E5%90%88&type=yy
连云港新闻综合,https://stream1.freetv.fun/lian-yun-gang-xin-wen-zong-he-3.ctv
连云港新闻综合,http://gslbmgsplive.miguvideo.com/wd_r2/jstv/lygxinwenzonghe/600/index.m3u8?msisdn=20250903090032646047095bc64a1c968e703401c7fec1&mdspid=&spid=699067&netType=0&sid=5500469369&pid=2028597139&timestamp=20250903090032&Channel_ID=0116_2600037000-99000-200300220100002&ProgramID=639731715&ParentNodeID=-99&assertID=5500469369&client_ip=106.13.250.83&SecurityKey=20250903090032&promotionId=&mvid=5102012621&mcid=500020&playurlVersion=WX-A1-8.8.1-RELEASE&userid=&jmhm=&videocodec=h264&bean=mgspad&tid=android&conFee=0&puData=c19beb3ac61dd99e40036c371af55211&ddCalcu=1c11v29a5bx5eafba31a7c36c16d3d09094e&sv=10004&ct=android
连云港新闻综合,https://mgtv.ottiptv.cc/migu/639731715.m3u8?migutoken=70f90182e47785fca234628a083c2a775b48319c0603f2641b5a891ba90b43816e51fb1b07cad8793011132425ebbc0f1568b3bc433d2f04e40344c5fe163be8bf6490e14ab6b96b4419f3f134
连云港新闻综合,https://migu.188766.xyz/?migutoken=cb989835b788f5c9374e8905dd6e4363&id=%E8%BF%9E%E4%BA%91%E6%B8%AF%E6%96%B0%E9%97%BB%E7%BB%BC%E5%90%88&type=yy
连云港新闻综合,http://gslbmgsplive.miguvideo.com/wd_r2/jstv/lygxinwenzonghe/600/index.m3u8?msisdn=2025102308014346764a53b41f40e58f68d1df3227c8be&mdspid=&spid=699067&netType=0&sid=5500469369&pid=2028597139&timestamp=20251023080143&Channel_ID=0116_2600000900-99000-201600010010027&ProgramID=639731715&ParentNodeID=-99&assertID=5500469369&client_ip=106.13.250.83&SecurityKey=20251023080143&promotionId=&mvid=5102012621&mcid=500020&playurlVersion=WX-A1-8.9.2-RELEASE&userid=&jmhm=&videocodec=h264&bean=mgspad&tid=android&conFee=0&puData=7adf3d6cc0bed6d0855e6f39909c760d&ddCalcu=d70ae6d27f9c309d069c9c30fb6eed565d80
连云港新闻综合,https://migu.188766.xyz/?migutoken=245251a5520f7bd5d5ad3407caec92b0&id=%E8%BF%9E%E4%BA%91%E6%B8%AF%E6%96%B0%E9%97%BB%E7%BB%BC%E5%90%88&type=yy
连云港新闻综合,http://gslbmgsplive.miguvideo.com/wd_r2/jstv/lygxinwenzonghe/600/index.m3u8?msisdn=202510240800585b70464e74f54a9fbef4b5d83d2330c2&mdspid=&spid=699067&netType=0&sid=5500469369&pid=2028597139&timestamp=20251024080058&Channel_ID=0116_2600000900-99000-201600010010027&ProgramID=639731715&ParentNodeID=-99&assertID=5500469369&client_ip=106.13.250.88&SecurityKey=20251024080058&promotionId=&mvid=5102012621&mcid=500020&playurlVersion=WX-A1-8.9.2-RELEASE&userid=&jmhm=&videocodec=h264&bean=mgspad&tid=android&conFee=0&puData=6a419a1b77265f44b434d3cc2b7ad8d0&ddCalcu=06dae842d19a907ab12bc7c732d6453f44b4
镇江二套社会民生,http://zjtv-wshls.homecdn.com/live/2aa16.m3u8
镇江新闻综合,http://zjtv-wshls.homecdn.com/live/2aa50.m3u8?wsSession=a263bdc5a26cd01b57a80359-170493712215358
镇江新闻综合,https://iptv.catvod.com/live.php?id=%E9%95%87%E6%B1%9F%E6%96%B0%E9%97%BB%E7%BB%BC%E5%90%88
镇江新闻综合,http://zjtv-wshls.homecdn.com/live/2aa50.m3u8?wsSession=a263bdc5a26cd01b57a80359-170493712215358&wsIPSercert=f56bd6194d219a5172dbed60eca6e9b0
镇江新闻综合,http://zjtv-wshls.homecdn.com/live/2aa50.m3u8
镇江新闻综合,http://cm-wshls.homecdn.com/live/2aa50.m3u8
镇江新闻综合,http://gslbmgsplive.miguvideo.com/migu/kailu/zjxwzh/50/20251127/index.m3u8?msisdn=20251206080345c6b198548f7a4137bc34f4fc1877f2c2&mdspid=&spid=699067&netType=0&sid=5500469365&pid=2028597139&timestamp=20251206080345&Channel_ID=0116_2600037000-99000-200300220100002&ProgramID=639731783&ParentNodeID=-99&assertID=5500469365&client_ip=218.28.233.106&SecurityKey=20251206080345&promotionId=&mvid=5102012619&mcid=500020&playurlVersion=WX-A1-8.11.2-RELEASE&userid=&jmhm=&videocodec=h264&appCode=miguvideo_android&bean=mgspad&tid=android&conFee=0&puData=5d35d17d8948be41fe9df1c12a69cc94&ddCalcu=459dvc3ac5x9da61a72d18c914f8db9ee4f1&sv=10004&ct=android
镇江新闻综合,http://gslbmgsplive.miguvideo.com/migu/kailu/zjxwzh/50/20251127/index.m3u8?msisdn=202512070804180dc971d1028249d9ba74a7370ff6b1c3&mdspid=&spid=699067&netType=0&sid=5500469365&pid=2028597139&timestamp=20251207080418&Channel_ID=0116_2600037000-99000-200300220100002&ProgramID=639731783&ParentNodeID=-99&assertID=5500469365&client_ip=218.28.233.106&SecurityKey=20251207080418&promotionId=&mvid=5102012619&mcid=500020&playurlVersion=WX-A1-8.11.2-RELEASE&userid=&jmhm=&videocodec=h264&appCode=miguvideo_android&bean=mgspad&tid=android&conFee=0&puData=7b7c75694c990bae0016294382e20c45&ddCalcu=574bvc7a0cx27ae52689344c9929601b0a0e&sv=10004&ct=android
镇江新闻综合,http://gslbmgsplive.miguvideo.com/migu/kailu/zjxwzh/50/20251127/index.m3u8?msisdn=20251208080341313571580fa8460da91165977ac1e06f&mdspid=&spid=699067&netType=0&sid=5500469365&pid=2028597139&timestamp=20251208080341&Channel_ID=0116_2600037000-99000-200300220100002&ProgramID=639731783&ParentNodeID=-99&assertID=5500469365&client_ip=218.28.233.106&SecurityKey=20251208080341&promotionId=&mvid=5102012619&mcid=500020&playurlVersion=WX-A1-8.11.2-RELEASE&userid=&jmhm=&videocodec=h264&appCode=miguvideo_android&bean=mgspad&tid=android&conFee=0&puData=2c7a0ae2fd26eca75203005af08c49b5&ddCalcu=52bcv97a4axc0a8a0ef2af5d02063e0c2a57&sv=10004&ct=android
镇江新闻综合,http://gslbmgsplive.miguvideo.com/migu/kailu/zjxwzh/50/20251127/index.m3u8?msisdn=202512090804173580256011aa4d078a2137bc1a9d5136&mdspid=&spid=699067&netType=0&sid=5500469365&pid=2028597139&timestamp=20251209080417&Channel_ID=0116_2600037000-99000-200300220100002&ProgramID=639731783&ParentNodeID=-99&assertID=5500469365&client_ip=218.28.233.106&SecurityKey=20251209080417&promotionId=&mvid=5102012619&mcid=500020&playurlVersion=WX-A1-8.11.2-RELEASE&userid=&jmhm=&videocodec=h264&appCode=miguvideo_android&bean=mgspad&tid=android&conFee=0&puData=f6e47246808c5e75188d4c264e6ec6a4&ddCalcu=4fa6v6eac4xe7a62e4466820c84cd58e8715&sv=10004&ct=android
镇江新闻综合,http://gslbmgsplive.miguvideo.com/migu/kailu/zjxwzh/50/20251127/index.m3u8?msisdn=20251210080338fedb59e067a84538b38a89a13b30f943&mdspid=&spid=699067&netType=0&sid=5500469365&pid=2028597139&timestamp=20251210080338&Channel_ID=0116_2600037000-99000-200300220100002&ProgramID=639731783&ParentNodeID=-99&assertID=5500469365&client_ip=218.28.233.106&SecurityKey=20251210080338&promotionId=&mvid=5102012619&mcid=500020&playurlVersion=WX-A1-8.11.2-RELEASE&userid=&jmhm=&videocodec=h264&appCode=miguvideo_android&bean=mgspad&tid=android&conFee=0&puData=c898ea8575b0bdd86e9726753a6ba64c&ddCalcu=cc48v69aa8xbea6aa83557756b207b9ded68&sv=10004&ct=android
靖江新闻综合,http://ls.qingting.fm/live/23797.m3u8
靖江新闻综合,https://stream1.freetv.fun/jing-jiang-xin-wen-zong-he-7.m3u8
靖江新闻综合,https://stream1.freetv.fun/jing-jiang-xin-wen-zong-he-1.m3u8
朝阳新闻综合,http://120.76.248.139/live/bfgd/4200000282.m3u8
辽宁北方,http://dassby.qqff.top:99/live/辽宁北方/index.m3u8
辽宁北方,http://120.76.248.139/live/bfgd/4200000071.m3u8
辽宁北方,https://stream1.freetv.fun/liao-zhu-bei-fang-3.m3u8
辽宁影视剧,http://dassby.qqff.top:99/live/辽宁影视剧/index.m3u8
辽宁影视剧,http://120.76.248.139/live/bfgd/4200000070.m3u8
辽宁影视剧,https://stream1.freetv.fun/liao-zhu-ying-shi-ju-1.m3u8
辽宁影视剧,https://stream1.freetv.fun/liao-zhu-ying-shi-ju-3.m3u8
辽宁影视剧,https://stream1.freetv.fun/liao-zhu-ying-shi-ju-2.m3u8
辽宁教育青少,http://120.76.248.139/live/bfgd/4200000075.m3u8
辽宁教育青少,https://stream1.freetv.fun/liao-zhu-jiao-yu-qing-shao-1.m3u8
辽宁生活,http://dassby.qqff.top:99/live/辽宁生活/index.m3u8
辽宁生活,http://120.76.248.139/live/bfgd/4200000073.m3u8
辽宁生活,https://stream1.freetv.fun/liao-zhu-sheng-huo-1.m3u8
辽宁经济,http://dassby.qqff.top:99/live/辽宁经济/index.m3u8
辽宁经济,http://120.76.248.139/live/bfgd/4200000076.m3u8
辽宁经济,http://120.76.248.139/live/bfgd/4200000480.m3u8
辽宁经济,https://stream1.freetv.fun/liao-zhu-jing-ji-2.m3u8
辽宁都市,http://dassby.qqff.top:99/live/辽宁都市/index.m3u8
辽宁都市,http://120.76.248.139/live/bfgd/4200000068.m3u8
辽宁都市,http://120.76.248.139/live/bfgd/4200000610.m3u8
辽宁都市,https://ls.qingting.fm/live/1099/64k.m3u8
辽宁都市,https://stream1.freetv.fun/liao-zhu-du-shi-5.m3u8
湖南都市,https://stream1.freetv.fun/hu-nan-du-shi-13.m3u8
湖南都市,https://stream1.freetv.fun/hu-nan-du-shi-4.m3u8
湖南都市,https://stream1.freetv.fun/hu-nan-du-shi-8.m3u8
湖南都市,https://stream1.freetv.fun/hu-nan-du-shi-9.m3u8
湖南都市,https://stream1.freetv.fun/hu-nan-du-shi-6.ctv
湖南都市,https://stream1.freetv.fun/hu-nan-du-shi-1.m3u8
湖南都市,https://stream1.freetv.fun/hu-nan-du-shi-12.ctv
湖南经视,https://stream1.freetv.fun/hu-nan-jing-shi-6.m3u8
湖南经视,https://stream1.freetv.fun/hu-nan-jing-shi-1.m3u8
湖南经视,https://stream1.freetv.fun/hu-nan-jing-shi-15.ctv
湖南经视,https://stream1.freetv.fun/hu-nan-jing-shi-5.m3u8
湖南经视,https://stream1.freetv.fun/hu-nan-jing-shi-2.m3u8
湖南经视,https://stream1.freetv.fun/hu-nan-jing-shi-4.m3u8
湖南经视,https://stream1.freetv.fun/hu-nan-jing-shi-10.ctv
湖南经视,https://stream1.freetv.fun/hu-nan-jing-shi-9.m3u8
湖南电视剧,https://stream1.freetv.fun/hu-nan-dian-shi-ju-2.m3u8
湖南电视剧,https://stream1.freetv.fun/hu-nan-dian-shi-ju-12.m3u8
湖南电视剧,https://stream1.freetv.fun/hu-nan-dian-shi-ju-14.ctv
湖南电视剧,https://stream1.freetv.fun/hu-nan-dian-shi-ju-7.m3u8
湖南电视剧,https://stream1.freetv.fun/hu-nan-dian-shi-ju-3.m3u8
湖南电视剧,https://stream1.freetv.fun/hu-nan-dian-shi-ju-1.m3u8
湖南电视剧,https://stream1.freetv.fun/hu-nan-dian-shi-ju-10.ctv
湖南电视剧,https://stream1.freetv.fun/hu-nan-dian-shi-ju-8.m3u8
湖南电视剧,http://php.jdshipin.com:8880/iptv.php?id=hndsj
湖南电影,http://php.jdshipin.com:8880/iptv.php
湖南电影,https://stream1.freetv.fun/hu-nan-dian-ying-2.ctv
湖南爱晚,http://php.jdshipin.com:8880/iptv.php?id=hngg
湖南教育,https://stream1.freetv.fun/hu-nan-jiao-yu-6.ctv
湖南娱乐,https://stream1.freetv.fun/hu-nan-yu-le-9.ctv
湖南娱乐,https://stream1.freetv.fun/hu-nan-yu-le-3.m3u8
湖南国际,https://stream1.freetv.fun/hu-nan-guo-ji-2.ctv
湖南国际,https://stream1.freetv.fun/hu-nan-guo-ji-4.ctv
湖南公共,https://stream1.freetv.fun/hu-nan-gong-gong-7.m3u8
湖南公共,https://stream1.freetv.fun/hu-nan-gong-gong-5.ctv
湖南公共,https://stream1.freetv.fun/hu-nan-gong-gong-2.ctv
湖南公共,https://stream1.freetv.fun/hu-nan-gong-gong-7.ctv
金鹰纪实,http://58.57.40.22:9901/tsfile/live/1070_1.m3u8
金鹰纪实,http://iptv.huuc.edu.cn/hls/gedocu.m3u8
金鹰纪实,http://rrs01.hw.gmcc.net:8088/PLTV/81/224/3221226667/1.m3u8
金鹰纪实,https://hls-gateway.vpstv.net/streams/708834.m3u8
金鹰纪实,https://stream1.freetv.fun/jin-ying-ji-shi-35.m3u8
金鹰纪实,https://stream1.freetv.fun/jin-ying-ji-shi-22.ctv
金鹰纪实,https://stream1.freetv.fun/jin-ying-ji-shi-2.ctv
金鹰纪实,https://stream1.freetv.fun/jin-ying-ji-shi-23.m3u8
金鹰纪实,https://stream1.freetv.fun/jin-ying-ji-shi-37.m3u8
金鹰纪实,https://stream1.freetv.fun/jin-ying-ji-shi-9.m3u8
长沙新闻综合,http://ls.qingting.fm/live/4877.m3u8
长沙新闻,http://ls.qingting.fm/live/4877.m3u8
衡阳新闻综合,https://liveplay-srs.voc.com.cn/hls/tv/183_554704.m3u8
娄底综合,http://iptv.666230.xyz/iptv/hnyx.php/ldxw
湖北综合,http://[2409:8087:4c0a:22:1::11]:6410/170000001115/UmaiCHAN638072216f7da/index.m3u8?AuthInfo=9kOOdBn7MFF%2F2bWjKgahUUAdKgLqNB5aOAUhcp5CeNLx3R3LdIBdA5q61lut1LwZcw4SC2tJubc%2Bq5t%2F61jvWCtjrJL0x%2BHncPgdmcbBW9I
湖北综合,https://stream1.freetv.fun/hu-bei-zong-he-4.ctv
湖北综合,https://stream1.freetv.fun/hu-bei-zong-he-6.ctv
湖北经视,https://stream1.freetv.fun/hu-bei-jing-shi-2.ctv
湖北经视,https://stream1.freetv.fun/hu-bei-jing-shi-24.m3u8
湖北经视,https://t.freetv.fun/live/hu-bei-jing-shi-1.m3u8
湖北生活,http://[2409:8087:4c0a:22:1::11]:6410/170000001115/UmaiCHAN638072c62e405/index.m3u8?AuthInfo=9kOOdBn7MFF%2F2bWjKgahUUAdKgLqNB5aOAUhcp5CeNKJPodw5BcDirSOw7egztI5bUvJjqPzSNAhrA37GrbRBIAjGQpzP0QmgsmuHnQyd2c
湖北生活,https://stream1.freetv.fun/hu-bei-sheng-huo-3.ctv
湖北生活,https://stream1.freetv.fun/hu-bei-sheng-huo-2.m3u8
湖北生活,https://stream1.freetv.fun/hu-bei-sheng-huo-4.ctv
湖北生活,https://t.freetv.fun/live/hu-bei-sheng-huo.m3u8
湖北教育,http://[2409:8087:4c0a:22:1::11]:6410/170000001115/UmaiCHAN638072a6cbbf6/index.m3u8?AuthInfo=9kOOdBn7MFF%2F2bWjKgahUUAdKgLqNB5aOAUhcp5CeNKTFQuOKNd5i0HMa3ydMWIQ6kJ2fBJGJ77BLTXK72CqUYQsX3ZguYt0954s9hfZTfc
湖北教育,https://stream1.freetv.fun/hu-bei-jiao-yu-4.ctv
湖北教育,https://stream1.freetv.fun/hu-bei-jiao-yu-1.ctv
湖北教育,https://t.freetv.fun/live/hu-bei-jiao-yu.m3u8
湖北影视,https://stream1.freetv.fun/hu-bei-ying-shi-1.m3u8
湖北影视,https://stream1.freetv.fun/hu-bei-ying-shi-1.ctv
湖北影视,https://stream1.freetv.fun/hu-bei-ying-shi-14.m3u8
湖北公共,https://stream1.freetv.fun/hu-bei-gong-gong-5.ctv
湖北垄上,http://[2409:8087:4c0a:22:1::11]:6410/170000001115/UmaiCHAN638072463c333/index.m3u8?AuthInfo=9kOOdBn7MFF%2F2bWjKgahUUAdKgLqNB5aOAUhcp5CeNL%2Be1h4FfA5QqwJ7IPOz3p2qIS7djSxm17Htd%2FckZkm%2FVqsKHEJFJt26ju9iibzMEo
湖北垄上,https://stream1.freetv.fun/hu-bei-long-shang-1.ctv
湖北垄上,https://t.freetv.fun/live/hu-bei-long-shang.m3u8
武汉一台新闻综合,https://ls.qingting.fm/live/20198/64k.m3u8
武汉一台新闻综合,https://stream1.freetv.fun/wu-yi-xin-wen-zong-he-1.m3u8
武汉一台新闻综合,https://stream1.freetv.fun/wu-yi-xin-wen-zong-he-7.m3u8
武汉二台电视剧,https://stream1.freetv.fun/wu-yi-2dian-shi-ju-1.m3u8
武汉四台经济,https://stream1.freetv.fun/wu-yi-jing-ji-1.m3u8
武汉教育,https://stream1.freetv.fun/wu-yi-jiao-yu-4.m3u8
武汉教育,https://stream1.freetv.fun/wu-yi-jiao-yu-6.m3u8
武汉教育,https://stream1.freetv.fun/wu-yi-jiao-yu-8.m3u8
武汉教育,https://stream1.freetv.fun/wu-yi-jiao-yu-13.ctv
武汉教育,https://stream1.freetv.fun/wu-yi-jiao-yu-1.m3u8
武汉教育,https://stream1.freetv.fun/wu-yi-jiao-yu-7.m3u8
武汉教育,https://stream1.freetv.fun/wu-yi-jiao-yu-5.m3u8
武汉新闻综合,http://stream.appwuhan.com/1tzb/sd/live.m3u8
武汉文体,http://www.hiliu.myds.me:18088/rtp/239.69.1.147:10518
武汉文体,http://171.83.103.119:9999/rtp/239.69.1.147:10518
江夏新闻综合,http://59.175.226.142:280/gb28181/xwzh.m3u8?zhubd
十堰新闻,https://stream1.freetv.fun/shi-yan-xin-wen-1.m3u8
十堰新闻,https://stream1.freetv.fun/shi-yan-xin-wen-2.m3u8
十堰新闻,https://stream1.freetv.fun/shi-yan-xin-wen-3.m3u8
十堰新闻,https://stream1.freetv.fun/shi-yan-xin-wen-4.m3u8
荆门新闻综合,http://stream.jmtv.com.cn/xwzh/sd/live.m3u8
荆门新闻综合,https://stream.jmtv.com.cn/xwzh/playlist.m3u8?_upt=3e28e7271664278691
荆门新闻综合,https://stream1.freetv.fun/jing-men-xin-wen-zong-he-6.m3u8
荆门新闻综合,https://stream1.freetv.fun/jing-men-xin-wen-zong-he-2.m3u8
荆门新闻综合,https://stream1.freetv.fun/jing-men-xin-wen-zong-he-3.m3u8
荆门新闻综合,https://stream1.freetv.fun/jing-men-xin-wen-zong-he-5.m3u8
荆门新闻综合,https://stream1.freetv.fun/jing-men-xin-wen-zong-he-4.m3u8
荆门新闻综合,https://stream1.freetv.fun/jing-men-xin-wen-zong-he-1.m3u8
荆门新闻综合,https://t.freetv.fun/live/jing-men-xin-wen-zong-he-1.m3u8
荆门新闻综合,https://t.freetv.fun/live/jing-men-xin-wen-zong-he-3.m3u8
北海新闻综合,https://live.gxrb.com.cn/gx/beihai/index.m3u8
南宁公共,http://hls.nntv.cn/nnlive/GGPD_24.m3u8
南宁公共,https://stream1.freetv.fun/nan-zhu-gong-gong-1.m3u8
南宁公共,https://stream1.freetv.fun/nan-zhu-gong-gong-5.m3u8
南宁公共,https://stream1.freetv.fun/nan-zhu-gong-gong-9.m3u8
南宁公共,https://stream1.freetv.fun/nan-zhu-gong-gong-6.m3u8
南宁公共,https://stream1.freetv.fun/nan-zhu-gong-gong-7.m3u8
南宁新闻综合,rtmp://tv.qntv.net/channellive/ch1?zguizd
南宁新闻综合,rtmp://hls.nntv.cn/nnlive/XWZH_24
南宁新闻综合,https://stream1.freetv.fun/nan-zhu-xin-wen-zong-he-3.m3u8
南宁新闻综合,https://stream1.freetv.fun/nan-zhu-xin-wen-zong-he-1.m3u8
南宁新闻综合,https://stream1.freetv.fun/nan-zhu-xin-wen-zong-he-4.m3u8
南宁都市生活,http://615bbf179ba53515dccad7b1da5d1ad9.livehwc3.cn/hls.nntv.cn/nnlive/WLSH_24.m3u8?sub_m3u8=true&edge_slice=true&user_session_id=2598844eaee8a4265e706fc14b3fc11d
南宁都市生活,https://stream1.freetv.fun/nan-zhu-du-shi-sheng-huo-1.m3u8
南宁都市生活,https://stream1.freetv.fun/nan-zhu-du-shi-sheng-huo-2.m3u8
南宁都市生活,https://stream1.freetv.fun/nan-zhu-du-shi-sheng-huo-3.m3u8
南宁都市生活,https://t.freetv.fun/live/nan-zhu-du-shi-sheng-huo-1.m3u8
宾阳综合,http://pulls.myun.tv/live/0dkp33j5.m3u8
来宾综合,http://zb.gxlbamc.com:1935/live/lbzh.stream/playlist.m3u8
灌阳新闻综合,https://ls.qingting.fm/live/5043/64k.m3u8
田东综合,http://pulls.myun.tv/live/0dkp33j5.m3u8
广西新闻,http://38.75.136.137:98/gslb/dsdqpub/gxxw.m3u8?auth=testpub
广西新闻,https://mobilelive.gxtv.cn/live/gx_live1007/playlist.m3u8
广西新闻,https://tv.gxtv.cn/channel/channelivePlay_9dfd8600075811e9ba67e41f13b60c62.html
广西新闻,https://t.freetv.fun/live/yan-xi-xin-wen.m3u8
广西国际,http://38.75.136.137:98/gslb/dsdqpub/gxgj.m3u8?auth=testpub
广西国际,https://hlscdn.liangtv.cn/live/0234c48e0bc24fe1b41b9999a253e581/1075ee38e04f490690f6a36a16e09c79.m3u8
广西国际,http://hlscdn.liangtv.cn/live/0234c48e0bc24fe1b41b9999a253e581/1075ee38e04f490690f6a36a16e09c79.m3u8?fbl=
广西国际,https://tv.gxtv.cn/channel/channelivePlay_bfa17b64157f11e999f0e41f13b60c62.html
南宁影视娱乐,https://stream1.freetv.fun/nan-zhu-ying-shi-yu-le-1.m3u8
南宁影视娱乐,https://stream1.freetv.fun/nan-zhu-ying-shi-yu-le-3.m3u8
南宁影视娱乐,https://stream1.freetv.fun/nan-zhu-ying-shi-yu-le-4.m3u8
南宁影视娱乐,https://t.freetv.fun/live/nan-zhu-ying-shi-yu-le-3.m3u8
南宁影视娱乐,https://t.freetv.fun/live/nan-zhu-ying-shi-yu-le.m3u8
津南一套,http://play.jinnantv.top/live/JNTV1.m3u8?ztianjd
武清综合,https://tvpull.smartwq.cn/wqlive/convergencemedia/playlist.m3u8?ztianjd
万源新闻综合,http://live.wanyuannews.com/wytv/hd/live.m3u8?zsicd
乐山新闻综合,https://stream1.freetv.fun/le-shan-xin-wen-zong-he-1.m3u8
乐山新闻综合,https://stream1.freetv.fun/le-shan-xin-wen-zong-he-2.m3u8
乐至综合,http://175.155.106.72:89/live1/live1.m3u8?zsicd
乐至综合,http://175.155.106.72:89/live1/live1.m3u8?zsicd;http://rmlive.lzxrmtzx.com/live1/live1.m3u8?zsicd
乐至综合,http://175.155.106.72:89/live1/live1.m3u8
井研综合,http://tvfile.jyrmt.cn/nmip-media/channellive/channel104452/playlist.m3u8
什邡新闻,http://live.sfrmt.com:85/live/zhpd.m3u8?zsicd
仁寿综合,https://play.scrstv.com.cn/DT/live.m3u8?auth_key=60001724663204-0-0-c1cc4ded9841ac34f63cdbd3aec647ef
凉山新闻综合,http://file.yizu.tv/nmip-media/channellive/channel106606/playlist.m3u8
剑阁综合,https://m3u8.channel.dzsm.com/nmip-media/channellive/channel105549/playlist.m3u8
叙州新闻综合,http://pili-live-hls.ybcxjd.com/jdh-live/2108111201035597.m3u8?zsicd
叙州新闻综合,https://stream1.freetv.fun/xu-zhou-xin-wen-zong-he-6.m3u8
叙州新闻综合,https://stream1.freetv.fun/xu-zhou-xin-wen-zong-he-2.m3u8
叙州新闻综合,https://stream1.freetv.fun/xu-zhou-xin-wen-zong-he-7.m3u8
叙州新闻综合,https://stream1.freetv.fun/xu-zhou-xin-wen-zong-he-3.m3u8
叙州新闻综合,https://stream1.freetv.fun/xu-zhou-xin-wen-zong-he-1.m3u8
叙永综合,https://m3u8channel-bx.yunxya.com/nmip-media/channellive/channel104666/playlist.m3u8
名山综合,https://m3u8channel-bx.yunxya.com/nmip-media/channellive/channel104666/playlist.m3u8
四川科教,http://182.150.115.21:8030/pcgacg/pcgacg_0.m3u8
四川科教,https://stream1.freetv.fun/si-chuan-ke-jiao-3.ctv
四川科教,https://stream1.freetv.fun/si-chuan-ke-jiao-1.m3u8
四川科教,https://stream1.freetv.fun/si-chuan-ke-jiao-4.ctv
广元公共,https://m3u8.channel.dzsm.com/nmip-media/channellive/channel101257/playlist.m3u8
广元综合,https://m3u8.channel.dzsm.com/nmip-media/channellive/channel100999/playlist.m3u8
广元综合,https://stream1.freetv.fun/yan-yuan-zong-he-1.m3u8
广元综合,https://stream1.freetv.fun/yan-yuan-zong-he-2.ctv
广安公共,http://live1.gatv.com.cn:85/live/GGPD_ggpdzm.m3u8?zsicd
广安公共,http://live1.gatv.com.cn:85/live/GGPD.m3u8
广安公共,http://live1.gatv.com.cn:85/live/GGPD_ggpdzm.m3u8
康巴卫视,http://[2409:8087:8:21::18]:6610/otttv.bj.chinamobile.com/PLTV/88888888/224/3221227027/1.m3u8?GuardEncType=2&accountinfo=%7E%7EV2.0%7EkHMvBpWz4rccMxNvSRekpQ%7EtP4-l0lmSfjwLWEfK_el1vH_mv-s1zo4AQJwdedaVwG9xkuFTDg8J26cwOrNJzn20BErrHdLhuZ9EzLUCD3PMW-OMx4MGteHV2vLeW6BqoY%2CEND
德阳新闻综合,https://stream1.freetv.fun/de-yang-xin-wen-zong-he-2.m3u8
德阳新闻综合,https://stream1.freetv.fun/de-yang-xin-wen-zong-he-1.m3u8
德阳新闻综合,https://stream1.freetv.fun/de-yang-xin-wen-zong-he-3.m3u8
旺苍新闻综合,http://channel.wcrmt.cn:80/nmip-media/channellive/channel105268/playlist.m3u8
旺苍新闻综合,http://live.spccmc.com:90/live/spxwzh.m3u8?%E5%85%B3%E6%B3%A8%E5%BE%AE%E4%BF%A1%E5%85%AC%E4%BC%97%E5%8F%B7[%E6%99%B4%E5%9B%AD]
朝天综合,https://m3u8.channel.dzsm.com/nmip-media/channellive/channel104601/playlist.m3u8
松潘新闻综合,http://live.spccmc.com:90/live/spxwzh.m3u8?%E5%85%B3%E6%B3%A8%E5%BE%AE%E4%BF%A1%E5%85%AC%E4%BC%97%E5%8F%B7[%E6%99%B4%E5%9B%AD]
松潘新闻综合,http://live.spccmc.com:90/live/spxwzh.m3u8?zsicd
松潘新闻综合,http://live.spccmc.com:90/live/spxwzh.m3u8
汉源综合,http://live.hyxrmt.com:85/live/xwpd.m3u8
汉源综合,http://live.hyxrmt.com:85/live/xwpd.m3u8?zsicd
汶川新闻综合,http://live.iwcmt.cn:90/live/zhxw.m3u8?zsicd
汶川新闻综合,rtmp://live.iwcmt.cn:1936/live/zhxw
汶川新闻综合,http://live.iwcmt.cn:90/live/zhxw.m3u8
汶川新闻综合,http://file.ysxtv.cn/cms/videos/nmip-media/channellive/channel4/playlist.m3u8?zsicd#rtmp://tv.mcrm.org.cn:1935/channellive/tv01
沐川综合,rtmp://tv.mcrm.org.cn:1935/channellive/tv01
沐川综合,http://file.ysxtv.cn/cms/videos/nmip-media/channellive/channel4/playlist.m3u8?zsicd
泸县新闻综合,http://lxfile.lxxcb.cn/nmip-media/channellive/channel103799/playlist.m3u8
泸县新闻综合,http://lxfile.lxxcb.cn:80/nmip-media/channellive/channel103799/playlist.m3u8
泸县新闻综合,http://lxfile.lxxcb.cn/nmip-media/channellive/channel103799/playlist.m3u8?zsicd
泸县新闻综合,https://m3u8channel.ganzitv.com/nmip-media/channellive/channel1/playlist.m3u8
甘孜综合,https://m3u8channel.ganzitv.com/nmip-media/channellive/channel1/playlist.m3u8
石棉综合,rtmp://tv.yunxya.com:1937/channellive/shimian
石棉综合,http://live.hyxrmt.com:85/live/xwpd.m3u8
绵阳科技,https://stream1.freetv.fun/mian-yang-ke-ji-2.m3u8
荥经综合,https://m3u8channel-yj.yunxya.com/nmip-media/channellive/channel101140/playlist.m3u8
荥经综合,http://file.ysxtv.cn/cms/videos/nmip-media/channellive/channel4/playlist.m3u8
荥经综合,https://file.ysxtv.cn/nmip-media/channellive/channel101492/playlist.m3u8
营山电视台,http://file.ysxtv.cn/cms/videos/nmip-media/channellive/channel4/playlist.m3u8?zsicd#http://file.ysxtv.cn/cms/videos/nmip-media/channellive/channel4/playlist.m3u8
蓬安新闻综合,https://stream1.freetv.fun/peng-an-xin-wen-zong-he-2.m3u8
蓬安新闻综合,https://stream1.freetv.fun/peng-an-xin-wen-zong-he-1.m3u8
金川乡村,https://m3u8channel-yc.yunxya.com/nmip-media/channellive/channel100103/playlist.m3u8
金川乡村,http://live.jinchuanrmt.com:90/live/jcxc.m3u8?zsicd
金川新闻综合,rtmp://139.203.180.9/live/zhxw
金川新闻综合,rtmp://live.jinchuanrmt.com/live/zhxw
金川新闻综合,http://live.jinchuanrmt.com:90/live/zhxw.m3u8?zsicd
金川新闻综合,https://stream1.freetv.fun/jin-chuan-xin-wen-zong-he-3.m3u8
金川新闻综合,https://stream1.freetv.fun/jin-chuan-xin-wen-zong-he-4.m3u8
金川新闻综合,https://stream1.freetv.fun/jin-chuan-xin-wen-zong-he-2.m3u8
金川新闻综合,https://t.freetv.fun/live/jin-chuan-xin-wen-zong-he-4.m3u8
长宁综合,rtmp://cnpull.sccnfb.com/live/123456
长宁综合,http://cnpull.sccnfb.com:80/live/123456.m3u8
雅安新闻综合,https://play.yunxya.com/channellive/xinwen.m3u8
青川综合,http://qcfile.qcrmt.com/nmip-media/channellive/channel100933/playlist.m3u8
陕西新闻资讯,https://mgtv.ottiptv.cc/migu/956909289.m3u8?migutoken=d4f3f5a8bf93821548ae70c6bd12860956574c27b3b1ef52c88c8e3d72259b1727a6dbf5d6a5de850afac4c7ffe2f2124bb3b558a89906cd32ccc8913f0f22dd74b7a84514b6015bff75903d9c
陕西新闻资讯,http://gslbmgsplive.miguvideo.com/migu/kailu/sxxwzx/51/20250804/index.m3u8?msisdn=20250919080136670d8cf97d464e1f874949e449ebd1ac&mdspid=&spid=600572&netType=0&sid=5910022187&pid=2028597139&timestamp=20250919080136&Channel_ID=0116_2600000900-99000-201600010010027&ProgramID=956909289&ParentNodeID=-99&assertID=5910022187&client_ip=106.13.250.88&SecurityKey=20250919080136&promotionId=&mvid=5900006710&mcid=500020&playurlVersion=WX-A1-8.9.1-RELEASE&userid=&jmhm=&videocodec=h264&bean=mgspad&tid=android&conFee=0&puData=01b1afdabd15fc39dd9264ccca9ac59f&ddCalcu=f091e5b1c16aa09fadcacbcd41652f9cd3d9
陕西新闻资讯,http://gslbmgsplive.miguvideo.com/migu/kailu/sxxwzx/51/20250804/index.m3u8?msisdn=202510230801447f8d4c3a1a3c4ca1bd0de217472d80f2&mdspid=&spid=600572&netType=0&sid=5910022187&pid=2028597139&timestamp=20251023080144&Channel_ID=0116_2600000900-99000-201600010010027&ProgramID=956909289&ParentNodeID=-99&assertID=5910022187&client_ip=106.13.250.83&SecurityKey=20251023080144&promotionId=&mvid=5900006710&mcid=500020&playurlVersion=WX-A1-8.9.2-RELEASE&userid=&jmhm=&videocodec=h264&bean=mgspad&tid=android&conFee=0&puData=6ed563603d847927c8983a33d5b70e32&ddCalcu=263eeed2056760b356d0333da834879982c7
陕西新闻资讯,http://gslbmgsplive.miguvideo.com/migu/kailu/sxxwzx/51/20250804/index.m3u8?msisdn=202510240800591ee112712ed2473aa0d84b8ea3046959&mdspid=&spid=600572&netType=0&sid=5910022187&pid=2028597139&timestamp=20251024080059&Channel_ID=0116_2600000900-99000-201600010010027&ProgramID=956909289&ParentNodeID=-99&assertID=5910022187&client_ip=106.13.250.88&SecurityKey=20251024080059&promotionId=&mvid=5900006710&mcid=500020&playurlVersion=WX-A1-8.9.2-RELEASE&userid=&jmhm=&videocodec=h264&bean=mgspad&tid=android&conFee=0&puData=5661fd15cfb5726d7c6a1eb652fdb094&ddCalcu=4596e062b16df0fd21556cbfeb15a762c67d
陕西都市青春,http://112.46.105.20:8009/hls/19/index.m3u8
陕西都市青春,https://mgtv.ottiptv.cc/migu/956909358.m3u8?migutoken=c3931ea9d3d7ede24a9d13084dadcc55f7f21b114c6c584ca7defd6492ba46b7286dbd751d0f853f83e998e4b0349c62cf4bc570ac83667c4f6bd49a9411edc68e80c1d7f24da79a264d15912b
陕西都市青春,http://gslbmgsplive.miguvideo.com/migu/kailu/sxdsqc/51/20250804/index.m3u8?msisdn=20250919080136b45ee433a7cf4d688994f00b794d176d&mdspid=&spid=600572&netType=0&sid=5910022190&pid=2028597139&timestamp=20250919080136&Channel_ID=0116_2600000900-99000-201600010010027&ProgramID=956909358&ParentNodeID=-99&assertID=5910022190&client_ip=106.13.250.88&SecurityKey=20250919080136&promotionId=&mvid=5900006713&mcid=500020&playurlVersion=WX-A1-8.9.1-RELEASE&userid=&jmhm=&videocodec=h264&bean=mgspad&tid=android&conFee=0&puData=9db1317be8c80566b10f130aebe87c29&ddCalcu=992decb1716830e1b7ebae083c18f00516b6
陕西都市青春,http://gslbmgsplive.miguvideo.com/migu/kailu/sxdsqc/51/20250804/index.m3u8?msisdn=202510230801444202628b64cc49f4bfb9f6b1dfb1f491&mdspid=&spid=600572&netType=0&sid=5910022190&pid=2028597139&timestamp=20251023080144&Channel_ID=0116_2600000900-99000-201600010010027&ProgramID=956909358&ParentNodeID=-99&assertID=5910022190&client_ip=106.13.250.83&SecurityKey=20251023080144&promotionId=&mvid=5900006713&mcid=500020&playurlVersion=WX-A1-8.9.2-RELEASE&userid=&jmhm=&videocodec=h264&bean=mgspad&tid=android&conFee=0&puData=83284c876ebb25ecdf72f4eb4dd5a006&ddCalcu=6803e022a86540dcd847b6ee4bfb2275fedc
陕西都市青春,http://gslbmgsplive.miguvideo.com/migu/kailu/sxdsqc/51/20250804/index.m3u8?msisdn=2025102408005947806826798c44e4b89b7ed86b1ba04f&mdspid=&spid=600572&netType=0&sid=5910022190&pid=2028597139&timestamp=20251024080059&Channel_ID=0116_2600000900-99000-201600010010027&ProgramID=956909358&ParentNodeID=-99&assertID=5910022190&client_ip=106.13.250.88&SecurityKey=20251024080059&promotionId=&mvid=5900006713&mcid=500020&playurlVersion=WX-A1-8.9.2-RELEASE&userid=&jmhm=&videocodec=h264&bean=mgspad&tid=android&conFee=0&puData=52c95103cb01acfba0783bb6dba5f262&ddCalcu=2562e2c2f96550a1b0d36cbbb0318a7c0fab
陕西公共,http://ls.qingting.fm/live/1222.m3u8
陕西体育休闲,https://mgtv.ottiptv.cc/migu/956909356.m3u8?migutoken=2cd1b3120e6a6d3cec136ca61cb23c24512860d4956d391b8c7d8a1fce58c3fa549930217eede8887c05f73eb24ac9692be10bdd06557f58130ff6717e37e1b6ba38adfacf8e74298fe1d4f48c
陕西体育休闲,http://gslbmgsplive.miguvideo.com/migu/kailu/sxtyxx/51/20250804/index.m3u8?msisdn=20250921080053bb7e3ee981dc4bde95a765fbffef7b9e&mdspid=&spid=600572&netType=0&sid=5910022189&pid=2028597139&timestamp=20250921080053&Channel_ID=0116_2600000900-99000-201600010010027&ProgramID=956909356&ParentNodeID=-99&assertID=5910022189&client_ip=106.13.250.88&SecurityKey=20250921080053&promotionId=&mvid=5900006712&mcid=500020&playurlVersion=WX-A1-8.9.1-RELEASE&userid=&jmhm=&videocodec=h264&bean=mgspad&tid=android&conFee=0&puData=43ffb82e5f9372a440dd84479d27b2f6&ddCalcu=64f3e2f2bf67b028d29e754f4983d7d20a44
陕西体育休闲,http://gslbmgsplive.miguvideo.com/migu/kailu/sxtyxx/51/20250804/index.m3u8?msisdn=20251023080139c026415ca4654e0cb51f36f8105eb6a1&mdspid=&spid=600572&netType=0&sid=5910022189&pid=2028597139&timestamp=20251023080139&Channel_ID=0116_2600000900-99000-201600010010027&ProgramID=956909356&ParentNodeID=-99&assertID=5910022189&client_ip=106.13.250.83&SecurityKey=20251023080139&promotionId=&mvid=5900006712&mcid=500020&playurlVersion=WX-A1-8.9.2-RELEASE&userid=&jmhm=&videocodec=h264&bean=mgspad&tid=android&conFee=0&puData=101f9c0a14d24dc78aa97137482db06c&ddCalcu=c160e012bf6d902c804a71341d7294adac87
陕西体育休闲,http://gslbmgsplive.miguvideo.com/migu/kailu/sxtyxx/51/20250804/index.m3u8?msisdn=20251024080056953be86c14d64c758cd4dbf06a58c942&mdspid=&spid=600572&netType=0&sid=5910022189&pid=2028597139&timestamp=20251024080056&Channel_ID=0116_2600000900-99000-201600010010027&ProgramID=956909356&ParentNodeID=-99&assertID=5910022189&client_ip=106.13.250.88&SecurityKey=20251024080056&promotionId=&mvid=5900006712&mcid=500020&playurlVersion=WX-A1-8.9.2-RELEASE&userid=&jmhm=&videocodec=h264&bean=mgspad&tid=android&conFee=0&puData=d18ceaa4887dd90437843aedd252e8e7&ddCalcu=7de1e882ec62e05a2ad4d8e8a73d4d897034
陕西体育休闲,http://gslbmgsplive.miguvideo.com/migu/kailu/sxtyxx/51/20250804/index.m3u8?msisdn=2025102508005957060912be0d47f78a9e823b236e0022&mdspid=&spid=600572&netType=0&sid=5910022189&pid=2028597139&timestamp=20251025080059&Channel_ID=0116_2600000900-99000-201600010010027&ProgramID=956909356&ParentNodeID=-99&assertID=5910022189&client_ip=106.13.250.90&SecurityKey=20251025080059&promotionId=&mvid=5900006712&mcid=500020&playurlVersion=WX-A1-8.9.2-RELEASE&userid=&jmhm=&videocodec=h264&bean=mgspad&tid=android&conFee=0&puData=25d98077b85839680d0db7d4d6a823de&ddCalcu=e2d5e3d2296880a067d74bd875b8d309d608
三明新闻综合,http://ls.qingting.fm/live/4885.m3u8
三明新闻综合,https://ls.qingting.fm/live/5022100/64k.m3u8
云霄综合,http://live.zzyxxw.com:85/live/xwzh.m3u8?fujian
云霄综合,https://live.zzyxxw.com:2443/live/xwzh.m3u8
云霄综合,http://live.zzyxxw.com:85/live/xwzh.m3u8
云霄综合,http://live.zzyxxw.com:85/live/xwzh.m3u8?fujian,
厦门卫视,http://38.75.136.137:98/gslb/dsdqpub/xmws.m3u8?auth=testpub
厦门卫视,http://183.11.239.36:808/hls/17/index.m3u8
厦门卫视,http://e2.woc.iiiya.cn:28888/rtp/239.61.2.11:8060
厦门卫视,https://epg.pw/stream/aa65dd411565991ace44f9e5934bd018fdd52122e052d471a363b6ee839e1079.ctv
漳州新闻综合,https://stream1.freetv.fun/zhang-zhou-xin-wen-zong-he-2.m3u8
漳州新闻综合,https://stream1.freetv.fun/zhang-zhou-xin-wen-zong-he-1.m3u8
漳州新闻综合,https://stream1.freetv.fun/zhang-zhou-xin-wen-zong-he-3.m3u8
福州少儿,http://live.zohi.tv/video/s10001-fztv-4/index.m3u8
福建新闻,http://satellitepull.cnr.cn/live/wx32fjxwgb/playlist.m3u8
福建新闻,https://stream1.freetv.fun/fu-jian-xin-wen-1.m3u8
福建新闻,https://stream1.freetv.fun/fu-jian-xin-wen-2.m3u8
福建新闻,https://stream1.freetv.fun/fu-jian-xin-wen-6.m3u8
福建新闻,https://stream1.freetv.fun/fu-jian-xin-wen-3.m3u8
福建新闻,https://stream1.freetv.fun/fu-jian-xin-wen-4.m3u8
福建新闻,https://stream1.freetv.fun/fu-jian-xin-wen-5.m3u8
福建电视剧,https://stream1.freetv.fun/fu-jian-dian-shi-ju-1.m3u8
福建电视剧,https://stream1.freetv.fun/fu-jian-dian-shi-ju-5.m3u8
福建电视剧,https://stream1.freetv.fun/fu-jian-dian-shi-ju-2.m3u8
福建电视剧,https://stream1.freetv.fun/fu-jian-dian-shi-ju-3.m3u8
福建电视剧,https://stream1.freetv.fun/fu-jian-dian-shi-ju-4.m3u8
福建电视剧,https://stream1.freetv.fun/fu-jian-dian-shi-ju-6.m3u8
福建经济,http://satellitepull.cnr.cn/live/wx32fjdnjjgb/playlist.m3u8
福建经济,https://stream1.freetv.fun/fu-jian-jing-ji-4.m3u8
福建经济,https://stream1.freetv.fun/fu-jian-jing-ji-1.m3u8
福建经济,https://stream1.freetv.fun/fu-jian-jing-ji-2.m3u8
福建经济,https://stream1.freetv.fun/fu-jian-jing-ji-5.m3u8
福建经济,https://stream1.freetv.fun/fu-jian-jing-ji-6.m3u8
福建综合,https://stream1.freetv.fun/fu-jian-zong-he-6.m3u8
福建综合,https://stream1.freetv.fun/fu-jian-zong-he-5.m3u8
福建综合,https://stream1.freetv.fun/fu-jian-zong-he-4.m3u8
福建综合,https://stream1.freetv.fun/fu-jian-zong-he-1.m3u8
福建综合,https://stream1.freetv.fun/fu-jian-zong-he-3.m3u8
福建综合,https://stream1.freetv.fun/fu-jian-zong-he-2.m3u8
福建公共,http://e1.woc.iiiya.cn:18888/rtp/239.61.2.3:8012
福建公共,https://stream1.freetv.fun/fu-jian-gong-gong-4.ctv
福建旅游,http://e1.woc.iiiya.cn:18888/rtp/239.61.2.6:8030
福建旅游,https://stream1.freetv.fun/fu-jian-lu-you-6.m3u8
福建经视,https://stream1.freetv.fun/fu-jian-jing-ji-4.m3u8
福建经视,https://stream1.freetv.fun/fu-jian-jing-ji-1.m3u8
福建经视,https://stream1.freetv.fun/fu-jian-jing-ji-2.m3u8
福建经视,https://stream1.freetv.fun/fu-jian-jing-ji-5.m3u8
福建经视,https://stream1.freetv.fun/fu-jian-jing-ji-6.m3u8
福建体育,http://120.40.57.250:1000/rtp/239.61.2.160:8948
福建体育,http://120.40.61.59:1000/rtp/239.61.2.160:8948
福建少儿,https://stream1.freetv.fun/fu-jian-shao-er-1.m3u8
福建少儿,https://stream1.freetv.fun/fu-jian-shao-er-6.m3u8
福建少儿,https://stream1.freetv.fun/fu-jian-shao-er-4.m3u8
福建少儿,https://stream1.freetv.fun/fu-jian-shao-er-7.m3u8
福建少儿,https://stream1.freetv.fun/fu-jian-shao-er-2.m3u8
福建少儿,https://stream1.freetv.fun/fu-jian-shao-er-3.m3u8
海南新闻,http://nn.7x9d.cn/地方台8563/海南.php?id=xwpd
海南新闻,https://migu.188766.xyz/?migutoken=410e218b52bfcc506bef1f814d8d3b5f&id=hn_xwpd&type=sz
海南新闻,http://ls.qingting.fm/live/1861.m3u8
海南新闻,https://stream1.freetv.fun/ipv6-hai-nan-xin-wen-6.m3u8
海南新闻,https://migu.188766.xyz/?migutoken=964b97d815e0f15de878a99d3908dd6e&id=hn_xwpd&type=sz
海南新闻,https://migu.188766.xyz/?migutoken=98fdcff69572bc92b5e7bcf3e90854a5&id=hn_xwpd&type=sz
海南新闻,https://migu.188766.xyz/?migutoken=fceb1726ee943a82a3cd774026abb877&id=hn_xwpd&type=sz
海南新闻,https://migu.188766.xyz/?migutoken=d3e982ec2cd251cdbbf2a4463c229a56&id=hn_xwpd&type=sz
海南新闻,https://migu.188766.xyz/?migutoken=60909b2fa85c2414a8bb01ed5be39c59&id=hn_xwpd&type=sz
海南新闻,https://migu.188766.xyz/?migutoken=cbcc6f4915a3d5fd72f99084e5b3efd9&id=hn_xwpd&type=sz
海南自贸,http://nn.7x9d.cn/地方台8563/海南.php?id=jjpd
海南自贸,https://migu.188766.xyz/?migutoken=2795391bf2380a7870585be391603d6a&id=hn_jjpd&type=sz
海南自贸,https://migu.188766.xyz/?migutoken=45ac9a110c797599551115731cf44df2&id=hn_jjpd&type=sz
海南自贸,https://migu.188766.xyz/?migutoken=660a5548e95409c119145c54d487e47e&id=hn_jjpd&type=sz
海南自贸,https://migu.188766.xyz/?migutoken=315ad4939096a91be5ce3462b2080323&id=hn_jjpd&type=sz
海南自贸,https://migu.188766.xyz/?migutoken=4d8834d7ea1adc0f097aa6a031305918&id=hn_jjpd&type=sz
海南自贸,https://migu.188766.xyz/?migutoken=2aa086d57fcaab0b7c101e7b1794e085&id=hn_jjpd&type=sz
海南自贸,https://migu.188766.xyz/?migutoken=1d2bec3e12a18bf82d0a988bae5088a1&id=hn_jjpd&type=sz
海南自贸,https://migu.188766.xyz/?migutoken=a76a64fccf4619fe533b78bc86334f12&id=hn_jjpd&type=sz
海南自贸,https://migu.188766.xyz/?migutoken=bbf4f6df8c4606d900dee13c1d2cb786&id=hn_jjpd&type=sz
海南文旅,http://nn.7x9d.cn/地方台8563/海南.php?id=wlpd
海南文旅,https://migu.188766.xyz/?migutoken=c9c9f8b653c1e1e8219e116f7e481879&id=hn_wlpd&type=sz
海南文旅,https://stream1.freetv.fun/ipv6-hai-nan-wen-lu-7.m3u8
海南文旅,https://stream1.freetv.fun/ipv6-hai-nan-wen-lu-9.m3u8
海南文旅,https://migu.188766.xyz/?migutoken=dac1d4aae188058344c7dd4b136f975d&id=hn_wlpd&type=sz
海南文旅,https://migu.188766.xyz/?migutoken=a5b4cdf3f9c93a7335e55a109404af67&id=hn_wlpd&type=sz
海南文旅,https://migu.188766.xyz/?migutoken=718522a0446276965260cb4bdb882b94&id=hn_wlpd&type=sz
海南文旅,https://migu.188766.xyz/?migutoken=fc4c237406e21c615875ab14bc192723&id=hn_wlpd&type=sz
海南文旅,https://migu.188766.xyz/?migutoken=9d1e4be9490ca4a3ef3185d3f6da2330&id=hn_wlpd&type=sz
海南文旅,https://migu.188766.xyz/?migutoken=7c82cd659ebc3a6da2ff99c1c931849d&id=hn_wlpd&type=sz
海南少儿,http://nn.7x9d.cn/地方台8563/海南.php?id=sepd
海南少儿,https://migu.188766.xyz/?migutoken=6f0f1afceaa5258c040b50b1f89bfdc5&id=hn_sepd&type=sz
海南少儿,https://migu.188766.xyz/?migutoken=2d0b3796b93c0d0a9068434e65cbce37&id=hn_sepd&type=sz
海南少儿,https://migu.188766.xyz/?migutoken=9c9969bee01e9a37dca68dd16df63e65&id=hn_sepd&type=sz
海南少儿,https://migu.188766.xyz/?migutoken=0c9220e89aa5bb92fd25dbc47f73c650&id=hn_sepd&type=sz
海南少儿,https://migu.188766.xyz/?migutoken=7827d9fc7bedc235d7359a1ccc57a032&id=hn_sepd&type=sz
海南少儿,https://migu.188766.xyz/?migutoken=877581add0a32f467d2b264cc3683102&id=hn_sepd&type=sz
海南少儿,https://migu.188766.xyz/?migutoken=5270a5c7850cc83ef1803e5ac45034ad&id=hn_sepd&type=sz
海南少儿,https://migu.188766.xyz/?migutoken=94fbdedd46714cce22095d35dee4d381&id=hn_sepd&type=sz
海南少儿,https://migu.188766.xyz/?migutoken=f3b69b71f4c3e9ad77f40d344c18ce7c&id=hn_sepd&type=sz
海南公共,http://nn.7x9d.cn/地方台8563/海南.php?id=ggpd
海南公共,https://migu.188766.xyz/?migutoken=9b74a05ac3e7b51beecb305c9c7c22b4&id=hn_ggpd&type=sz
海南公共,https://stream1.freetv.fun/ipv6-hai-nan-gong-gong-8.m3u8
海南公共,https://stream1.freetv.fun/ipv6-hai-nan-gong-gong-9.m3u8
海南公共,https://migu.188766.xyz/?migutoken=a7038ebf14621b3c5b7d47281fa0ab4c&id=hn_ggpd&type=sz
海南公共,https://migu.188766.xyz/?migutoken=3a138924186d190af58e01219616242b&id=hn_ggpd&type=sz
海南公共,https://migu.188766.xyz/?migutoken=6694c5fed131a81b1f2bb968afc13e99&id=hn_ggpd&type=sz
海南公共,https://migu.188766.xyz/?migutoken=df212753a2e13b8fcedb29ae6d6040c0&id=hn_ggpd&type=sz
海南公共,https://migu.188766.xyz/?migutoken=3fdfa2bcdc698f6be6b0f8ca6891133e&id=hn_ggpd&type=sz
海南公共,https://migu.188766.xyz/?migutoken=f1f1229c12159ef78d02d4232241707f&id=hn_ggpd&type=sz
梨园,https://dxtx.hntv.tv/live/lypd.m3u8?txSecret=10c771842a0be59e8b575d765173ec96&txTime=7B923E0A&wsSecret=41543190cdf375f1c73207222bb96542&wsTime=1769313549
临颍综合,http://live.dxhmt.cn:9081/tv/11122-1.m3u8
临颍综合,http://tvpull.dxhmt.cn:9081/tv/11122-1.m3u8?%E5%85%B3%E6%B3%A8%E5%BE%AE%E4%BF%A1%E5%85%AC%E4%BC%97%E5%8F%B7[%E6%99%B4%E5%9B%AD]
义马新闻综合,http://tvpull.dxhmt.cn:9081/tv/11281-1.m3u8?%E5%85%B3%E6%B3%A8%E5%BE%AE%E4%BF%A1%E5%85%AC%E4%BC%97%E5%8F%B7[%E6%99%B4%E5%9B%AD]
义马新闻综合,http://tvpull.dxhmt.cn:9081/tv/11281-1.m3u8
光山综合,http://live.dxhmt.cn:9081/tv/11522-1.m3u8
光山综合,http://tvpull.dxhmt.cn:9081/tv/11522-1.m3u8?%E5%85%B3%E6%B3%A8%E5%BE%AE%E4%BF%A1%E5%85%AC%E4%BC%97%E5%8F%B7[%E6%99%B4%E5%9B%AD]
光山综合,http://tvpull.dxhmt.cn:9081/tv/11522-1.m3u8
兰考新闻,http://live.dxhmt.cn:9081/tv/10225-1.m3u8
兰考新闻,http://tvpull.dxhmt.cn:9081/tv/10225-1.m3u8?%E5%85%B3%E6%B3%A8%E5%BE%AE%E4%BF%A1%E5%85%AC%E4%BC%97%E5%8F%B7[%E6%99%B4%E5%9B%AD]
兰考新闻,http://tvpull.dxhmt.cn:9081/tv/10225-1.m3u8
兰考新闻,http://tvpull.dxhmt.cn:9081/tv/10225-1.m3u8?
卫辉综合,http://live.dxhmt.cn:9081/tv/10781-1.m3u8
卫辉综合,http://tvpull.dxhmt.cn:9081/tv/10781-1.m3u8?%E5%85%B3%E6%B3%A8%E5%BE%AE%E4%BF%A1%E5%85%AC%E4%BC%97%E5%8F%B7[%E6%99%B4%E5%9B%AD]
卫辉综合,http://iptv.cdn.ha.chinamobile.com/PLTV/88888888/224/3221226538/index.m3u8
卫辉综合,http://tvpull.dxhmt.cn:9081/tv/10781-1.m3u8
卫辉综合,http://tvpull.dxhmt.cn:9081/tv/10781-1.m3u8?zhend
叶县,http://tvpull.dxhmt.cn:9081/tv/10422-1.m3u8
叶县,http://tvpull.dxhmt.cn:9081/tv/10422-1.m3u8#
周口扶沟,http://live.dxhmt.cn:9081/tv/11621-1.m3u8
唐河一套,http://tvpull.dxhmt.cn:9081/tv/11328-1.m3u8
更新日期: 2026-2-7 18:16:07,http://hlsztemgsplive.miguvideo.com:8080/wd_r2/cctv/cctv1hd/1200/index.m3u8?msisdn=2026020717172531d8a6e41c504b12be7b2fa6772db95b&mdspid=&spid=699004&netType=0&sid=2201057821&pid=2028597139&timestamp=20260207171725&Channel_ID=0116_2600036500-99000-201600010014458&ProgramID=608807420&ParentNodeID=-99&assertID=2201057821&client_ip=125.211.195.3&SecurityKey=20260207171725&promotionId=&mvid=2201057821&mcid=500020&playurlVersion=WX-A1-9.1.1.3-RELEASE&userid=&jmhm=&videocodec=h264&appCode=miguvideo_android&bean=mgspad&tid=android&conFee=0&encrypt=c78f62565b48f6701bf80dcf8a164aaf&sv=10004&ct=android
唐河一套,http://tvpull.dxhmt.cn:9081/tv/11328-1.m3u8?zhend
兵团卫视,http://hlsztemgsplive.miguvideo.com:8080/migu/kailu/btws/51/20250804/index.m3u8?msisdn=20260207170228d1318db56b4b4f608fcc90a73150055b&mdspid=&spid=600697&netType=0&sid=5910022192&pid=2028597139&timestamp=20260207170228&Channel_ID=0116_2600036500-99000-201600010014429&ProgramID=956923145&ParentNodeID=-99&assertID=5910022192&client_ip=113.6.228.19&SecurityKey=20260207170228&promotionId=&mvid=5900006716&mcid=500020&playurlVersion=WX-A1-9.1.1.3-RELEASE&userid=&jmhm=&videocodec=h264&appCode=miguvideo_android&bean=mgspad&tid=android&conFee=0&encrypt=4b02c53461980050c35f1251a49cf9e6&sv=10004&ct=android
唐河一套,http://tvpull.dxhmt.cn:9081/tv/11328-1.m3u8?zhend#http://tvpull.dxhmt.cn:9081/tv/11328-1.m3u8
广东移动,http://183.11.239.36:808/hls/14/index.m3u8
固始综合,http://live.dxhmt.cn:9081/tv/11525-1.m3u8
广东少儿,http://120.238.85.131:9901/tsfile/live/1018_1.m3u8?key=txiptv&playlive=0&authid=0
固始综合,http://tvpull.dxhmt.cn:9081/tv/11525-1.m3u8?%E5%85%B3%E6%B3%A8%E5%BE%AE%E4%BF%A1%E5%85%AC%E4%BC%97%E5%8F%B7[%E6%99%B4%E5%9B%AD]
广东影视,http://120.238.85.131:9901/tsfile/live/1017_1.m3u8?key=txiptv&playlive=0&authid=0
广东4K超高清,http://183.11.239.36:808/hls/9/index.m3u8
浙江少儿,http://ali-xwl.cztv.com/live/channel081080Plxw.m3u8
浙江少儿,http://ali-xwl.cztv.com/live/channel08720Plxw.m3u8
浙江钱江都市,http://ali-xwl.cztv.com/live/channel021080Plxw.m3u8
浙江钱江都市,http://ali-xwl.cztv.com/live/channel02720Plxw.m3u8
浙江经济生活,http://ali-xwl.cztv.com/live/channel031080Plxw.m3u8
固始综合,http://tvpull.dxhmt.cn:9081/tv/11525-1.m3u8
宝丰综合,http://live.dxhmt.cn:9081/tv/10421-1.m3u8
宝丰综合,http://tvpull.dxhmt.cn:9081/tv/10421-1.m3u8?%E5%85%B3%E6%B3%A8%E5%BE%AE%E4%BF%A1%E5%85%AC%E4%BC%97%E5%8F%B7[%E6%99%B4%E5%9B%AD]
宝丰综合,http://tvpull.dxhmt.cn:9081/tv/10421-1.m3u8
宝丰综合,http://tvpull.dxhmt.cn:9081/tv/10421-1.m3u8?zhend
巩义新闻综合,http://tvpull.dxhmt.cn:9081/tv/10181-1.m3u8?zhend
巩义新闻综合,http://tvpull.dxhmt.cn:9081/tv/10181-1.m3u8?zhend?
浙江经济生活,http://ali-xwl.cztv.com/live/channel03720Plxw.m3u8
浙江民生休闲,http://ali-xwl.cztv.com/live/channel061080Plxw.m3u8
浙江民生休闲,http://ali-xwl.cztv.com/live/channel06720Plxw.m3u8
浙江新闻,http://ali-xwl.cztv.com/live/channel071080Plxw.m3u8
浙江新闻,http://ali-xwl.cztv.com/live/channel07720Plxw.m3u8
浙江教科影视,http://ali-xwl.cztv.com/live/channel041080Plxw.m3u8
浙江教科影视,http://ali-xwl.cztv.com/live/channel04720Plxw.m3u8
浙江国际,http://ali-xwl.cztv.com/live/channel101080Plxw.m3u8
浙江国际,http://ali-xwl.cztv.com/live/channel10720Plxw.m3u8
嵊州综合,http://l.cztvcloud.com/channels/lantian/SXshengzhou1/720p.m3u8
象山综合,http://l.cztvcloud.com/channels/lantian/SXxiangshan1/720p.m3u8
巩义新闻综合,http://tvpull.dxhmt.cn:9081/tv/10181-1.m3u8
扶沟综合,http://tvpull.dxhmt.cn:9081/tv/11621-1.m3u8?%E5%85%B3%E6%B3%A8%E5%BE%AE%E4%BF%A1%E5%85%AC%E4%BC%97%E5%8F%B7[%E6%99%B4%E5%9B%AD]
扶沟综合,http://tvpull.dxhmt.cn:9081/tv/11621-1.m3u8?zhend
扶沟综合,http://tvpull.dxhmt.cn:9081/tv/11621-1.m3u8
新乡县电视台,http://tvpull.dxhmt.cn:9081/tv/10721-1.m3u8?%E5%85%B3%E6%B3%A8%E5%BE%AE%E4%BF%A1%E5%85%AC%E4%BC%97%E5%8F%B7[%E6%99%B4%E5%9B%AD]
新县综合,http://live.dxhmt.cn:9081/tv/11523-1.m3u8
新县综合,http://tvpull.dxhmt.cn:9081/tv/11523-1.m3u8?%E5%85%B3%E6%B3%A8%E5%BE%AE%E4%BF%A1%E5%85%AC%E4%BC%97%E5%8F%B7[%E6%99%B4%E5%9B%AD]
新县综合,http://tvpull.dxhmt.cn:9081/tv/11523-1.m3u8
新昌综合,http://l.cztvcloud.com/channels/lantian/SXxinchang1/720p.m3u8
新蔡综合,http://live.dxhmt.cn:9081/tv/11729-1.m3u8
平湖新闻综合,http://l.cztvcloud.com/channels/lantian/SXpinghu1/720p.m3u8
新蔡综合,http://tvpull.dxhmt.cn:9081/tv/11729-1.m3u8?%E5%85%B3%E6%B3%A8%E5%BE%AE%E4%BF%A1%E5%85%AC%E4%BC%97%E5%8F%B7[%E6%99%B4%E5%9B%AD]
平湖民生休闲,http://l.cztvcloud.com/channels/lantian/SXpinghu2/720p.m3u8
新蔡综合,http://tvpull.dxhmt.cn:9081/tv/11729-1.m3u8
青田电视台,http://l.cztvcloud.com/channels/lantian/SXqingtian1/720p.m3u8
新蔡综合,http://tvpull.dxhmt.cn:9081/tv/11729-1.m3u8?zhend
余姚新闻综合,http://l.cztvcloud.com/channels/lantian/SXyuyao1/720p.m3u8
桐柏新闻综合,http://tvpull.dxhmt.cn:9081/tv/11330-1.m3u8
萧山综合,http://l.cztvcloud.com/channels/lantian/SXxiaoshan1/720p.m3u8
泌阳新闻综合,http://live.dxhmt.cn:9081/tv/11726-1.m3u8
萧山生活,http://l.cztvcloud.com/channels/lantian/SXxiaoshan2/720p.m3u8
泌阳新闻综合,http://tvpull.dxhmt.cn:9081/tv/11726-1.m3u8?%E5%85%B3%E6%B3%A8%E5%BE%AE%E4%BF%A1%E5%85%AC%E4%BC%97%E5%8F%B7[%E6%99%B4%E5%9B%AD]
上虞新闻综合,http://l.cztvcloud.com/channels/lantian/SXshangyu1/720p.m3u8
泌阳新闻综合,https://stream1.freetv.fun/mi-yang-xin-wen-zong-he-2.m3u8
上虞文化影视,http://l.cztvcloud.com/channels/lantian/SXshangyu2/720p.m3u8
泌阳新闻综合,http://tvpull.dxhmt.cn:9081/tv/11726-1.m3u8
普陀电视台,http://l.cztvcloud.com/channels/lantian/SXputuo1/720p.m3u8
淅川电视,http://live.dxhmt.cn:9081/tv/11326-1.m3u8
庆元电视台,http://l.cztvcloud.com/channels/lantian/SXqingyuan1/720p.m3u8
淅川电视,http://iptv.cdn.ha.chinamobile.com/PLTV/88888888/224/3221226631/index.m3u8
2026-02-06 09:58:49,https://iptv.catvod.com/live.php?id=CCTV1
东阳影视生活,http://l.cztvcloud.com/channels/lantian/SXdongyang1/720p.m3u8
渑池新闻综合,http://live.dxhmt.cn:9081/tv/11221-1.m3u8
文化精品,http://38.75.136.137:98/gslb/dsdqpub/ysjp.m3u8?auth=testpub
兰溪新闻综合,http://l.cztvcloud.com/channels/lantian/SXlanxi1/720p.m3u8
渑池新闻综合,http://tvpull.dxhmt.cn:9081/tv/11221-1.m3u8?%E5%85%B3%E6%B3%A8%E5%BE%AE%E4%BF%A1%E5%85%AC%E4%BC%97%E5%8F%B7[%E6%99%B4%E5%9B%AD]
文化精品,https://hls-gateway.vpstv.net/streams/708832.m3u8
缙云新闻综合,http://l.cztvcloud.com/channels/lantian/SXjinyun1/720p.m3u8
渑池新闻综合,http://tvpull.dxhmt.cn:9081/tv/11221-1.m3u8
文化精品,http://iptv.666230.xyz/iptv/jsyd.php/G_CCTV-WENHUA-CQ
龙泉电视台,http://l.cztvcloud.com/channels/lantian/SXlongquan1/720p.m3u8
温县综合,http://live.dxhmt.cn:9081/tv/10825-1.m3u8
央视台球,http://38.75.136.137:98/gslb/dsdqpub/ystq.m3u8?auth=testpub
南京新闻综合,http://nklive.nbs.cn/hls/d511bc9d-a694-4453-b3a2-4fc842cc97a1/index.m3u8
温县综合,http://tvpull.dxhmt.cn:9081/tv/10825-1.m3u8?zhend
央视台球,https://hls-gateway.vpstv.net/streams/708855.m3u8
南京教科,http://nklive.nbs.cn/hls/75b3c462-b831-4de7-a34b-5d3221db2069/index.m3u8
温县综合,http://tvpull.dxhmt.cn:9081/tv/10825-1.m3u8?zhend?
央视台球,https://epg.pw/stream/ca9c1cd4b97fb824cedd7fedfd0c7a950afdd7f00751cfbb7c2d89831d7746a5.m3u8
南京文旅纪录,http://nklive.nbs.cn/hls/9b2005c4-046c-422f-ba45-e6adc4f4de07/index.m3u8
温县综合,http://tvpull.dxhmt.cn:9081/tv/10825-1.m3u8
央视台球,https://epg.pw/stream/25677ac2e8c1f7c3dd6359c43eb5f0f54efb3f5c11f9dda18d01b3e0308ed017.m3u8
南京十八生活,http://nklive.nbs.cn/hls/1173a815-bfdb-4c3c-9f73-89ec37ae7716/index.m3u8
潢川综合,http://live.dxhmt.cn:9081/tv/11526-1.m3u8
风云音乐,http://38.75.136.137:98/gslb/dsdqpub/fyyy.m3u8?auth=testpub
南京少儿,http://nklive.nbs.cn/hls/e0981f3f-1a20-4a59-b8d1-17feb83a4610/index.m3u8
潢川综合,http://tvpull.dxhmt.cn:9081/tv/11526-1.m3u8?%E5%85%B3%E6%B3%A8%E5%BE%AE%E4%BF%A1%E5%85%AC%E4%BC%97%E5%8F%B7[%E6%99%B4%E5%9B%AD]
风云音乐,http://171.83.103.119:9999/rtp/239.69.1.90:10180
无锡新闻综合,http://stream.thmz.com/wxtv1/sd/live.m3u8
潢川综合,http://tvpull.dxhmt.cn:9081/tv/11526-1.m3u8
风云音乐,http://120.238.94.10:9901/tsfile/live/1089_1.m3u8
无锡都市资讯,http://stream.thmz.com/wxtv3/sd/live.m3u8
焦作综合,http://iptv.cdn.ha.chinamobile.com/PLTV/88888888/224/3221226604/index.m3u8
风云音乐,http://hmfs.f3322.net:3388/hls/29/index.m3u8
无锡生活,http://stream.thmz.com/wxtv4/sd/live.m3u8
登封综合,http://live.dxhmt.cn:9081/tv/10185-1.m3u8
风云音乐,https://hls-gateway.vpstv.net/streams/708858.m3u8
无锡娱乐,http://stream.thmz.com/wxtv2/sd/live.m3u8
登封综合,http://tvpull.dxhmt.cn:9081/tv/10185-1.m3u8?%E5%85%B3%E6%B3%A8%E5%BE%AE%E4%BF%A1%E5%85%AC%E4%BC%97%E5%8F%B7[%E6%99%B4%E5%9B%AD]
风云音乐,http://iptv.666230.xyz/iptv/jsyd.php/G_FENGYUNYY-CQ
无锡经济,http://stream.thmz.com/wxtv5/sd/live.m3u8
登封综合,http://iptv.cdn.ha.chinamobile.com/PLTV/88888888/224/3221226661/index.m3u8
第一剧场,http://38.75.136.137:98/gslb/dsdqpub/dyjc.m3u8?auth=testpub
宜兴新闻综合,http://yixing-tv-ori-hls.jstv.com/yixing-tv-ori/yixing_xw.m3u8
登封综合,http://tvpull.dxhmt.cn:9081/tv/10185-1.m3u8
第一剧场,http://171.83.103.119:9999/rtp/239.69.1.74:10084
哈尔滨新闻综合,https://stream.hrbtv.net/xwzh/sd/live.m3u8
禹州综合,http://live.dxhmt.cn:9081/tv/11081-1.m3u8
第一剧场,http://61.184.46.85:9901/tsfile/live/1021_1.m3u8?key=txiptv&playlive=1&authid=0
哈尔滨新闻综合,http://stream.hrbtv.net/xwzh/sd/live.m3u8
禹州综合,http://tvpull.dxhmt.cn:9081/tv/11081-1.m3u8?%E5%85%B3%E6%B3%A8%E5%BE%AE%E4%BF%A1%E5%85%AC%E4%BC%97%E5%8F%B7[%E6%99%B4%E5%9B%AD]
第一剧场,http://hmfs.f3322.net:3388/hls/21/index.m3u8
哈尔滨生活,https://stream.hrbtv.net/shpd/sd/live.m3u8
西华综合,http://live.dxhmt.cn:9081/tv/11622-1.m3u8
第一剧场,http://dassby.qqff.top:99/live/第一剧场/index.m3u8
哈尔滨生活,http://stream.hrbtv.net/shpd/sd/live.m3u8
西华综合,http://tvpull.dxhmt.cn:9081/tv/11622-1.m3u8?%E5%85%B3%E6%B3%A8%E5%BE%AE%E4%BF%A1%E5%85%AC%E4%BC%97%E5%8F%B7[%E6%99%B4%E5%9B%AD]
第一剧场,https://epg.pw/stream/6d7bf281e3d739806a73f5373acaa6e01988ec9739f5ac1355ce54b47a928472.m3u8
哈尔滨资讯,https://stream.hrbtv.net/zxpd/sd/live.m3u8
西华综合,http://tvpull.dxhmt.cn:9081/tv/11622-1.m3u8
第一剧场,https://hls-gateway.vpstv.net/streams/708862.m3u8
哈尔滨娱乐,http://stream.hrbtv.net/ylpd/sd/live.m3u8
西华综合,http://tvpull.dxhmt.cn:9081/tv/11622-1.m3u8?zhend
第一剧场,http://tl.061833.xyz/tl/null-6
哈尔滨影视,https://stream.hrbtv.net/yspd/sd/live.m3u8
郏县综合,http://live.dxhmt.cn:9081/tv/10425-1.m3u8
第一剧场,https://100.061833.xyz/stream/mytv/null-6/stream.m3u8?uid=2190244325&u=hahayy&p=29624e2e4c4ccee26ed8f3e0ca1012ea57a8f2191be6149f632250f7036119cc
哈尔滨影视,http://stream.hrbtv.net/yspd/sd/live.m3u8
郏县综合,http://tvpull.dxhmt.cn:9081/tv/10425-1.m3u8?%E5%85%B3%E6%B3%A8%E5%BE%AE%E4%BF%A1%E5%85%AC%E4%BC%97%E5%8F%B7[%E6%99%B4%E5%9B%AD]
第一剧场,http://iptv.666230.xyz/iptv/jsyd.php/G_DIYIJC-CQ
崇仁电视台,http://play-a2.quklive.com/live/1744277411242065.m3u8
郏县综合,http://tvpull.dxhmt.cn:9081/tv/10425-1.m3u8?zhend
风云剧场,http://38.75.136.137:98/gslb/dsdqpub/fyjc.m3u8?auth=testpub
崇仁电视台,http://play-a2.quklive.com/live/1744277411242065.flv
郏县综合,http://tvpull.dxhmt.cn:9081/tv/10425-1.m3u8
风云剧场,http://120.238.94.10:9901/tsfile/live/1090_1.m3u8
宁都综合,http://play-a2.quklive.com/live/1749084198822069.m3u8
郸城新闻综合,http://tvpull.dxhmt.cn:9081/tv/11625-1.m3u8?wsSecret=df15530a0abec41b14bca00fc96270d1&wsTime=1654956569
风云剧场,https://hls-gateway.vpstv.net/streams/708861.m3u8
宁都综合,http://play-a2.quklive.com/live/1749084198822069.flv
郸城新闻综合,https://stream1.freetv.fun/dan-cheng-xin-wen-zong-he-1.m3u8
风云剧场,http://iptv.666230.xyz/iptv/jsyd.php/G_FENGYUNJC-CQ
万载电视台1,http://play-a2.quklive.com/live/1739162440932308.m3u8
郸城新闻综合,http://tvpull.dxhmt.cn:9081/tv/11625-1.m3u8
怀旧剧场,http://38.75.136.137:98/gslb/dsdqpub/hjjc.m3u8?auth=testpub
CCTV-2 财经,https://migu.188766.xyz/?migutoken=33f2c5b0a97f2737cd62916625e8cbb6&id=CCTV2&type=yy
万载电视台1,http://play-a2.quklive.com/live/1739162440932308.flv
郸城新闻综合,https://stream1.freetv.fun/dan-cheng-xin-wen-zong-he-4.m3u8
怀旧剧场,http://171.83.103.119:9999/rtp/239.69.1.89:10174
CCTV-4 中文国际 欧洲,https://migu.188766.xyz/?migutoken=ddef6717b0adfb914406f10a9e568414&id=CCTV4%E6%AC%A7%E6%B4%B2&type=yy
广丰电视台,https://play-a2.quklive.com/live/1754033359790055.m3u8
郸城新闻综合,https://t.freetv.fun/live/dan-cheng-xin-wen-zong-he.m3u8
怀旧剧场,http://61.184.46.85:9901/tsfile/live/1022_1.m3u8?key=txiptv&playlive=1&authid=0
农林卫视,https://migu.188766.xyz/?migutoken=01a2e9971acaabef51cc0eb426ccd4e6&id=%E4%B8%AD%E5%9B%BD%E5%86%9C%E6%9E%97%E5%8D%AB%E8%A7%86&type=yy
广丰电视台,https://play-a2.quklive.com/live/1754033359790055.flv
鄢陵综合,http://live.dxhmt.cn:9081/tv/11024-1.m3u8
怀旧剧场,https://hls-gateway.vpstv.net/streams/708853.m3u8
兵团卫视,https://migu.188766.xyz/?migutoken=55c2372fa6e101e847be5f4f041b5bb1&id=%E5%85%B5%E5%9B%A2%E5%8D%AB%E8%A7%86&type=yy
陕西新闻资讯,http://gxlive.snrtv.com/sx1-SD.m3u8
鄢陵综合,http://tvpull.dxhmt.cn:9081/tv/11024-1.m3u8?%E5%85%B3%E6%B3%A8%E5%BE%AE%E4%BF%A1%E5%85%AC%E4%BC%97%E5%8F%B7[%E6%99%B4%E5%9B%AD]
怀旧剧场,http://iptv.666230.xyz/iptv/jsyd.php/G_HUAIJIUJC-CQ
浙江卫视4K,https://migu.188766.xyz/?migutoken=2af7c4dc63960d853c6e000ea2fd9b03&id=%E6%B5%99%E6%B1%9F%E5%8D%AB%E8%A7%864K&pp=1
陕西都市青春,http://gxlive.snrtv.com/sx2-SD.m3u8
鄢陵综合,http://tvpull.dxhmt.cn:9081/tv/11024-1.m3u8
女性时尚,http://38.75.136.137:98/gslb/dsdqpub/nxss.m3u8?auth=testpub
东方卫视4K,#EXTVLCOPT:referer=https://live.kankanews.com/
陕西银龄,http://gxlive.snrtv.com/sx3-SD.m3u8
项城新闻,http://live.dxhmt.cn:9081/tv/11681-1.m3u8
女性时尚,http://39.152.103.17:8089/tsfile/live/1068_1.m3u8?key=txiptv&playlive=1&down=1
深圳卫视4K,https://migu.188766.xyz/?migutoken=2820ba999a869ae6fa53de872a5d26da&id=%E6%B7%B1%E5%9C%B3%E5%8D%AB%E8%A7%86&pp=1
陕西秦腔,http://gxlive.snrtv.com/sx5-SD.m3u8
项城新闻,http://tvpull.dxhmt.cn:9081/tv/11681-1.m3u8
女性时尚,http://111.61.236.247:9081/hls/59/index.m3u8
苏州4K,https://tylive.kan0512.com/norecord/csztv4k_4k.m3u8
陕西体育休闲,http://gxlive.snrtv.com/sx7-SD.m3u8
项城新闻,http://tvpull.dxhmt.cn:9081/tv/11681-1.m3u8#@http://live.dxhmt.cn:9081/tv/11681-1.m3u8#@http://p2.weizan.cn/978354/131995006225520039/live.m3u8
女性时尚,http://iptv.666230.xyz/iptv/jsyd.php/G_NVXINGSS-CQ
河北4K,https://event.pull.hebtv.com:443/live/live101.m3u8
农林卫视,http://gxlive.snrtv.com/nlws-SD.m3u8
鹤壁综合,http://iptv.cdn.ha.chinamobile.com/PLTV/88888888/224/3221226563/index.m3u8
高尔夫网球,http://38.75.136.137:98/gslb/dsdqpub/gefwq.m3u8?auth=testpub
CHC影迷电影,https://migu.188766.xyz/?migutoken=8912c13dd89a7e03a58d57a8e0d31ff1&id=CHC%E5%BD%B1%E8%BF%B7%E7%94%B5%E5%BD%B1&type=yy
陕西西部电影,http://gxlive.snrtv.com/sx8-SD.m3u8
邓州新闻,http://live.dxhmt.cn:9081/tv/11381-1.m3u8
高尔夫网球,https://hls-gateway.vpstv.net/streams/708857.m3u8
五星体育,https://migu.188766.xyz/?migutoken=ab95b397f62e86b98a3988d675b908c0&id=%E4%BA%94%E6%98%9F%E4%BD%93%E8%82%B2&pp=1
宿州科教,http://live.ahsz.tv/video/s10001-kxjy/index.m3u8
邓州新闻,http://tvpull.dxhmt.cn:9081/tv/11381-1.m3u8?%E5%85%B3%E6%B3%A8%E5%BE%AE%E4%BF%A1%E5%85%AC%E4%BC%97%E5%8F%B7[%E6%99%B4%E5%9B%AD]
高尔夫网球,http://iptv.666230.xyz/iptv/jsyd.php/G_CCTV-GOLF-CQ
五星体育,#EXTVLCOPT:http-user-agent=okHttp/Mod-1.5.0.0
万州三峡移民,http://123.146.162.24:8017/c2F0hmi/1000/live.m3u8
许昌公共,http://iptv.cdn.ha.chinamobile.com/PLTV/88888888/224/3221226695/index.m3u8
风云足球,http://38.75.136.137:98/gslb/dsdqpub/fyzq.m3u8?auth=testpub
重温经典,#EXTVLCOPT:http-user-agent=okHttp/Mod-1.5.0.0
文山综合,http://m3u8.channel.wsrtv.com.cn/cms/videos/nmip-media/channellive/channel7/playlist.m3u8
荥阳综合,http://tvpull.dxhmt.cn:9081/tv/10182-1.m3u8
风云足球,http://27.41.245.32:801/hls/906/index.m3u8
上视东方影视,https://migu.188766.xyz/?migutoken=ec814604a3eb4917ecc78530eaa4334a&id=%E4%B8%8A%E8%A7%86%E4%B8%9C%E6%96%B9%E5%BD%B1%E8%A7%86&type=yy
腾冲综合,http://live.ynurl.com/video/s10012-TCTV/index.m3u8
荥阳综合,http://tvpull.dxhmt.cn:9081/tv/10182-1.m3u8?wsSecret=df15530a0abec41b14bca00fc96270d1&wsTime=1654956569
风云足球,http://dassby.qqff.top:99/live/风云足球/index.m3u8
新片放映厅,https://migu.188766.xyz/?migutoken=e313afb4329d8612aadbdcfe1af7d10b&id=%E6%96%B0%E7%89%87%E6%94%BE%E6%98%A0%E5%8E%85&type=yy
文山市电视台,http://m3u8.channel.wsrtv.com.cn/cms/videos/nmip-media/channellive/channel17/playlist.m3u8
荥阳综合,http://tvpull.dxhmt.cn:9081/tv/10182-1.m3u8?zhend
风云足球,https://epg.pw/stream/ac8062ec9484078061d3bef507c15a423ac57ae4144e3fcc4b0a198dd420f911.m3u8
经典香港电影,https://migu.188766.xyz/?migutoken=0f876ca07b541657efa34dd18fcfac8c&id=%E7%BB%8F%E5%85%B8%E9%A6%99%E6%B8%AF%E7%94%B5%E5%BD%B1&type=yy
砚山县电视台,http://live.ynurl.com/video/s10020-ystv-zb/index.m3u8
焦作教育,http://iptv.cdn.ha.chinamobile.com/PLTV/88888888/224/3221226648/index.m3u8
风云足球,http://[2409:8087:7001:20:2::3]/dbiptv.sn.chinamobile.com/PLTV/88888893/224/3221226984/index.m3u8
抗战经典影片,https://migu.188766.xyz/?migutoken=3d6c9582802bb9399d0de3ba55d9f889&id=%E6%8A%97%E6%88%98%E7%BB%8F%E5%85%B8%E5%BD%B1%E7%89%87&type=yy
砚山县电视台,http://m3u8.channel.wsrtv.com.cn/cms/videos/nmip-media/channellive/channel16/playlist.m3u8
焦作公共,http://iptv.cdn.ha.chinamobile.com/PLTV/88888888/224/3221226616/index.m3u8
风云足球,https://live.goodiptv.club/api/yqgd.php?id=fyzq
南方影视,https://migu.188766.xyz/?migutoken=d4aa518ec4a924f5cd7ccb074c165c42&id=%E5%8D%97%E6%96%B9%E5%BD%B1%E8%A7%86&type=yy
西畴县电视台,http://m3u8.channel.wsrtv.com.cn/cms/videos/nmip-media/channellive/channel11/playlist.m3u8
灵宝新闻综合,http://live.dxhmt.cn:9081/tv/11282-1.m3u8
风云足球,https://hls-gateway.vpstv.net/streams/708859.m3u8
和美乡途轮播台,https://migu.188766.xyz/?migutoken=7e51c55ddfecde362cc1ae4a266925b0&id=%E5%92%8C%E7%BE%8E%E4%B9%A1%E9%80%94%E8%BD%AE%E6%92%AD%E5%8F%B0&type=yy
西畴县电视台,http://live.ynurl.com/video/s10060-XCTV/index.m3u8
灵宝新闻综合,http://tvpull.dxhmt.cn:9081/tv/11282-1.m3u8?zhend
电视指南,http://38.75.136.137:98/gslb/dsdqpub/dszn.m3u8?auth=testpub
茶,https://migu.188766.xyz/?migutoken=c825e9c3f159118771d35a020dddcaeb&id=%E8%8C%B6&type=yy
马关县电视台,http://live.ynurl.com/video/s10046-001/index.m3u8
濮阳公共,http://iptv.cdn.ha.chinamobile.com/PLTV/88888888/224/3221226664/index.m3u8
电视指南,http://171.83.103.119:9999/rtp/239.69.1.87:10162
快乐垂钓,https://migu.188766.xyz/?migutoken=260d744db8599eb21d284ae5ddd017b3&id=%E5%BF%AB%E4%B9%90%E5%9E%82%E9%92%93&type=yy
麻栗坡电视台,http://m3u8.channel.wsrtv.com.cn/cms/videos/nmip-media/channellive/channel18/playlist.m3u8
滑县新闻,http://tvpull.dxhmt.cn:9081/tv/10526-1.m3u8?%E5%85%B3%E6%B3%A8%E5%BE%AE%E4%BF%A1%E5%85%AC%E4%BC%97%E5%8F%B7[%E6%99%B4%E5%9B%AD]
电视指南,http://iptv.666230.xyz/iptv/jsyd.php/G_DIANSHIZN-CQ
赛事最经典,https://migu.188766.xyz/?migutoken=7ec4dc2fc158423600022c1875f2eea4&id=%E8%B5%9B%E4%BA%8B%E6%9C%80%E7%BB%8F%E5%85%B8&type=yy
丘北县电视台,http://m3u8.channel.wsrtv.com.cn/cms/videos/nmip-media/channellive/channel14/playlist.m3u8
济源电视一套,http://tvpull.dxhmt.cn:9081/tv/19001-1.m3u8
世界地理,http://38.75.136.137:98/gslb/dsdqpub/sjdl.m3u8?auth=testpub
武术世界,https://migu.188766.xyz/?migutoken=1748b498c039bfa9bd56af90067073b5&id=%E6%AD%A6%E6%9C%AF%E4%B8%96%E7%95%8C&type=yy
广南县电视台,http://m3u8.channel.wsrtv.com.cn/cms/videos/nmip-media/channellive/channel19/playlist.m3u8
济源电视一套,http://tvpull.dxhmt.cn:9081/tv/19001-1.m3u8?zhend
世界地理,http://hmfs.f3322.net:3388/hls/28/index.m3u8
四海钓鱼,https://migu.188766.xyz/?migutoken=a0c35bbbc088a146b160eac1f4180528&id=%E5%9B%9B%E6%B5%B7%E9%92%93%E9%B1%BC&type=yy
广南县电视台,http://live.ynurl.com/video/s10031-gnxgbds/index.m3u8
洛阳综合,https://wshlslive.migucloud.com/live/6AL7GTQX_C0/playlist.m3u8
兵器科技,http://38.75.136.137:98/gslb/dsdqpub/gfjs.m3u8?auth=testpub
环球旅游,https://migu.188766.xyz/?migutoken=9595aa7b35b1a5ac75ed73ea08f42699&id=%E7%8E%AF%E7%90%83%E6%97%85%E6%B8%B8&type=yy
芒市综合,http://live.ynurl.com/video/s10001-mstv1/index.m3u8
洛阳综合,http://iptv.cdn.ha.chinamobile.com/PLTV/88888888/224/3221226542/index.m3u8
兵器科技,http://120.238.94.10:9901/tsfile/live/1096_1.m3u8
最强综艺趴,https://migu.188766.xyz/?migutoken=a9d1a8b4d3119a32ffc2fc053e4095ed&id=%E6%9C%80%E5%BC%BA%E7%BB%BC%E8%89%BA%E8%B6%B4&type=yy
盈江综合,http://live.ynurl.com/video/s10016-yjtv1hd/index.m3u8
洛阳科教,https://wshlslive.migucloud.com/live/RJ0EYBCZ_C0/playlist.m3u8
兵器科技,https://hls-gateway.vpstv.net/streams/708856.m3u8
新动漫,https://migu.188766.xyz/?migutoken=c2fd4c60a1bfe19e2f9d70d2b91079e4&id=%E6%96%B0%E5%8A%A8%E6%BC%AB&type=yy
开远综合,http://live.ynurl.com/video/s10044-KYTV/index.m3u8
洛阳科教,http://iptv.cdn.ha.chinamobile.com/PLTV/88888888/224/3221226554/index.m3u8
兵器科技,http://iptv.666230.xyz/iptv/jsyd.php/G_BINGQIKJ-CQ
嘉佳卡通,https://migu.188766.xyz/?migutoken=62f4d7ee3d4dc8b234332ce68621a3dc&id=%E5%98%89%E4%BD%B3%E5%8D%A1%E9%80%9A&type=yy
绿春综合,http://live.ynurl.com/video/s10042-LCTV/index.m3u8
洛阳文旅,https://wshlslive.migucloud.com/live/CVN934JS_C0/playlist.m3u8
浙江钱江,https://ali-m-l.cztv.com/channels/lantian/channel002/1080p.m3u8
经典动画大集合,https://migu.188766.xyz/?migutoken=d14463b54336e18c0578c35338062303&id=%E7%BB%8F%E5%85%B8%E5%8A%A8%E7%94%BB%E5%A4%A7%E9%9B%86%E5%90%88&type=yy
施甸综合,http://live.ynurl.com/video/s10048-SDTV/index.m3u8
河南都市,http://1.94.31.214/php/hntv.php?id=hnds
浙江钱江,http://l.cztvcloud.com/channels/lantian/SXyuyao2/720p.m3u8
优漫卡通,https://migu.188766.xyz/?migutoken=82b9c695993a6f29f817b84c7ec40e2d&id=%E4%BC%98%E6%BC%AB%E5%8D%A1%E9%80%9A%E9%A2%91%E9%81%93&type=yy
金平综合,http://live.ynurl.com/video/s10041-JPTV/index.m3u8
河南都市,http://www.lwfz.fun:8800/rtp/239.16.20.164:11640
浙江钱江,http://ali-m-l.cztv.com/channels/lantian/channel002/1080p.m3u8
财富天下,https://migu.188766.xyz/?migutoken=0186984a217bb148365f710e939e635b&id=%E8%B4%A2%E5%AF%8C%E5%A4%A9%E4%B8%8B&type=yy
建水综合,http://live.ynurl.com/video/s10045-JSTV/index.m3u8
河南都市,https://migu.188766.xyz/?migutoken=7d40a68b796018a8497749ac92fa61c8&id=%E9%83%BD%E5%B8%82%E9%A2%91%E9%81%93&type=yy
浙江钱江,http://ali-m-l.cztv.com/channels/lantian/channel02/1080p.m3u8
体坛名栏汇,https://migu.188766.xyz/?migutoken=14eebf27857135bd6b9eaacd69c3c303&id=%E4%BD%93%E5%9D%9B%E5%90%8D%E6%A0%8F%E6%B1%87&type=yy
石屏综合,http://live.ynurl.com/video/s10059-SPTV/index.m3u8
河南都市,https://migu.188766.xyz/?migutoken=ad57238ba9da2d53644f17e9044a8395&id=%E9%83%BD%E5%B8%82%E9%A2%91%E9%81%93&type=yy
浙江钱江,http://ali-m-l.cztv.com/channels/lantian/channel002/1080p.m3u8?zzhed
24小时城市联赛轮播台,https://migu.188766.xyz/?migutoken=618adeac141eb219aec76f3a48162bb7&id=24%E5%B0%8F%E6%97%B6%E5%9F%8E%E5%B8%82%E8%81%94%E8%B5%9B%E8%BD%AE%E6%92%AD%E5%8F%B0&type=yy
蒙自电视台,http://live.ynurl.com/video/s10019-mzdst/index.m3u8
河南都市,https://migu.188766.xyz/?migutoken=cedd42b2cf40eadf91c730b6cd932c28&id=%E9%83%BD%E5%B8%82%E9%A2%91%E9%81%93&type=yy
浙江钱江,https://stream1.freetv.fun/zhe-jiang-qian-jiang-du-shi-4.ctv
山东教育,https://migu.188766.xyz/?migutoken=74479b93c8f6415c34515a062eb7148b&id=%E5%B1%B1%E4%B8%9C%E6%95%99%E8%82%B2&type=yy
昌宁县电视台,http://live.ynurl.com/video/s10047-cntv/index.m3u8
河南都市,https://migu.188766.xyz/?migutoken=93074b0c634eccb59328736714de9c01&id=%E9%83%BD%E5%B8%82%E9%A2%91%E9%81%93&type=yy
浙江钱江,https://stream1.freetv.fun/zhe-jiang-qian-jiang-du-shi-3.ctv
中学生,https://migu.188766.xyz/?migutoken=6d26b13a50d99abb30bc075c3f6890dc&id=%E4%B8%AD%E5%AD%A6%E7%94%9F&type=yy
保定1,http://jwcdnqx.hebyun.com.cn/live/jybd/1500k/tzwj_video.m3u8
河南都市,https://migu.188766.xyz/?migutoken=3c7b839592f415b249663deca8801e89&id=%E9%83%BD%E5%B8%82%E9%A2%91%E9%81%93&type=yy
浙江钱江,https://stream1.freetv.fun/zhe-jiang-qian-jiang-du-shi-5.ctv
老故事,https://migu.188766.xyz/?migutoken=500b88c724ebe4ba94f3a393ebea1599&id=%E8%80%81%E6%95%85%E4%BA%8B&type=yy
保定2,http://jwcdnqx.hebyun.com.cn/live/bdxw1/1500k/tzwj_video.m3u8
河南都市,https://migu.188766.xyz/?migutoken=c923c5b8236a69f755ae0fd839085405&id=%E9%83%BD%E5%B8%82%E9%A2%91%E9%81%93&type=yy
浙江钱江都市,http://ali-xwl.cztv.com/live/channel021080Plxw.m3u8
发现之旅,https://migu.188766.xyz/?migutoken=4bf44fd20adb93ec63f25ab8ad4a529f&id=%E5%8F%91%E7%8E%B0%E4%B9%8B%E6%97%85&type=yy
保定3,http://jwcdnqx.hebyun.com.cn/live/bddst/1500k/tzwj_video.m3u8
河南都市,https://migu.188766.xyz/?migutoken=8747bfb14a5d50b9102fa4f676b28e53&id=%E9%83%BD%E5%B8%82%E9%A2%91%E9%81%93&type=yy
浙江钱江都市,http://ali-xwl.cztv.com/live/channel02720Plxw.m3u8
新动力量创一流,https://migu.188766.xyz/?migutoken=fdb8e915e1a06ef998486d3c3988d098&id=%E6%96%B0%E5%8A%A8%E5%8A%9B%E9%87%8F%E5%88%9B%E4%B8%80%E6%B5%81&type=yy
邯郸新闻,https://jwcdnqx.hebyun.com.cn/live/hdxwzh/1500k/tzwj_video.m3u8
河南都市,https://migu.188766.xyz/?migutoken=3c7465d856d2a8ac549459e8c9a06d5a&id=%E9%83%BD%E5%B8%82%E9%A2%91%E9%81%93&type=yy
浙江钱江都市,https://t.freetv.fun/live/zhe-jiang-qian-jiang-du-shi-1.m3u8
卡酷少儿,https://migu.188766.xyz/?migutoken=63023938fee50c1f9a5656df9aa179b4&id=%E5%8C%97%E4%BA%AC%E5%8D%A1%E9%85%B7%E5%B0%91%E5%84%BF&type=yy
邯郸公共,https://jwcdnqx.hebyun.com.cn/live/hdgg/1500k/tzwj_video.m3u8
河南民生,http://www.lwfz.fun:8800/rtp/239.16.20.165:11650
浙江钱江都市,https://t.freetv.fun/live/zhe-jiang-qian-jiang-du-shi-2.m3u8
北京影视,https://migu.188766.xyz/?migutoken=dacf257ac89a03668cff7cc34eaaee16&id=%E5%8C%97%E4%BA%AC%E5%BD%B1%E8%A7%86&type=yy
邯郸科教,https://jwcdnqx.hebyun.com.cn/live/hdkj/1500k/tzwj_video.m3u8
河南民生,https://migu.188766.xyz/?migutoken=599bb7fdd4f9cab36d202bb38a0da046&id=%E6%B0%91%E7%94%9F%E9%A2%91%E9%81%93&type=yy
浙江钱江都市,https://t.freetv.fun/live/zhe-jiang-qian-jiang-du-shi-3.m3u8
北京文艺,https://migu.188766.xyz/?migutoken=b309382e0157314cf646feb10e112be3&id=%E5%8C%97%E4%BA%AC%E6%96%87%E8%89%BA&type=yy
兴隆综合,https://jwcdnqx.hebyun.com.cn/live/xlzh/1500k/tzwj_video.m3u8
河南民生,https://migu.188766.xyz/?migutoken=8b7305a8d46cfe98635e66d0e757c394&id=%E6%B0%91%E7%94%9F%E9%A2%91%E9%81%93&type=yy
浙江生活,https://ali-m-l.cztv.com/channels/lantian/channel003/1080p.m3u8
北京财经,https://migu.188766.xyz/?migutoken=059b7f1170ebfdf00b5cc0c5675490ad&id=%E5%8C%97%E4%BA%AC%E8%B4%A2%E7%BB%8F&type=yy
兴隆影视,https://jwcdnqx.hebyun.com.cn/live/xlys/1500k/tzwj_video.m3u8
河南民生,https://migu.188766.xyz/?migutoken=97b2be6f258ae481d8bc142a1fac8bef&id=%E6%B0%91%E7%94%9F%E9%A2%91%E9%81%93&type=yy
浙江生活,https://ali-m-l.cztv.com/channels/lantian/channel003/1080p.m3u8?
北京生活,https://migu.188766.xyz/?migutoken=86f1c577cebd90e1f359c59f4998e5cf&id=%E5%8C%97%E4%BA%ACi%E7%94%9F%E6%B4%BB&type=yy
兴隆影视,https://jwcdnqx.hebyun.com.cn/live/xlys/1500k/tzwj_video.m3u8
河南民生,https://migu.188766.xyz/?migutoken=999fa1172c8b97bce4c61b4728d49542&id=%E6%B0%91%E7%94%9F%E9%A2%91%E9%81%93&type=yy
浙江生活,http://ali-m-l.cztv.com/channels/lantian/channel003/1080p.m3u8
北京新闻,https://migu.188766.xyz/?migutoken=4e274d3eaf8bcee19d26e3ca1b578e54&id=%E5%8C%97%E4%BA%AC%E6%96%B0%E9%97%BB&type=yy
迁西综合,https://jwcdnqx.hebyun.com.cn/live/qxzhpd/1500k/tzwj_video.m3u8
河南民生,https://migu.188766.xyz/?migutoken=0ec1f5f231bfb2cd0cce9a7edcf8947b&id=%E6%B0%91%E7%94%9F%E9%A2%91%E9%81%93&type=yy
浙江生活,https://stream1.freetv.fun/zhe-jiang-jing-ji-sheng-huo-1.ctv
北京纪实科教,https://migu.188766.xyz/?migutoken=37b8b7dd229448e1a9f9c8d1b7f474cb&id=%E5%8C%97%E4%BA%AC%E7%BA%AA%E5%AE%9E%E7%A7%91%E6%95%99&type=yy
迁西农业,https://jwcdnqx.hebyun.com.cn/live/qxny/1500k/tzwj_video.m3u8
河南民生,https://migu.188766.xyz/?migutoken=4a884c07c800248f7a295d74d86ba677&id=%E6%B0%91%E7%94%9F%E9%A2%91%E9%81%93&type=yy
浙江生活,https://stream1.freetv.fun/zhe-jiang-jing-ji-sheng-huo-7.ctv
河南梨园,https://migu.188766.xyz/?migutoken=be74af44b7b8c39864338d2f1a6b90f8&id=%E6%A2%A8%E5%9B%AD%E9%A2%91%E9%81%93&type=yy
青县综合,http://jwcdnqx.hebyun.com.cn/live/qxtvlive1/1500k/tzwj_video.m3u8
河南民生,https://migu.188766.xyz/?migutoken=4f8772956b2c30c1be525755dc786ec8&id=%E6%B0%91%E7%94%9F%E9%A2%91%E9%81%93&type=yy
浙江生活,https://stream1.freetv.fun/zhe-jiang-jing-ji-sheng-huo-8.ctv
河南新闻,https://migu.188766.xyz/?migutoken=123f6658cfe7b4232298306fadce92ed&id=%E6%96%B0%E9%97%BB%E9%A2%91%E9%81%93&type=yy
海峡卫视,http://hlsztemgsplive.miguvideo.com:8080/migu/kailu/haixiaws/51/20230724/index.m3u8?msisdn=20260207172031af7b0a19cf45418e9816802142c859f7&mdspid=&spid=600717&netType=0&sid=5910022183&pid=2028597139&timestamp=20260207172031&Channel_ID=0116_2600036500-99000-201600010014464&ProgramID=849119120&ParentNodeID=-99&assertID=5910022183&client_ip=182.120.177.239&SecurityKey=20260207172031&promotionId=&mvid=5900006231&mcid=500020&playurlVersion=WX-A1-9.1.1.3-RELEASE&userid=&jmhm=&videocodec=h264&appCode=miguvideo_android&bean=mgspad&tid=android&conFee=0&encrypt=8829822032f5eacf8f90212aebaf5162&sv=10004&ct=android
河南民生,https://migu.188766.xyz/?migutoken=a677564cddc431d4ed1affb1de546056&id=%E6%B0%91%E7%94%9F%E9%A2%91%E9%81%93&type=yy
浙江生活,http://ls.qingting.fm/live/1099.m3u8
河南都市,https://migu.188766.xyz/?migutoken=2ed564ee4b513527add9aa5b662eca97&id=%E9%83%BD%E5%B8%82%E9%A2%91%E9%81%93&type=yy
济源综合,http://tvpull.dxhmt.cn:9081/tv/19001-1.m3u8
河南民生,https://migu.188766.xyz/?migutoken=d4224043a2f11e70625ce3d449517613&id=%E6%B0%91%E7%94%9F%E9%A2%91%E9%81%93&type=yy
浙江经济生活,http://ali-xwl.cztv.com/live/channel031080Plxw.m3u8
河南民生,https://migu.188766.xyz/?migutoken=862d94c1fc4f1006a39d969e4b630bce&id=%E6%B0%91%E7%94%9F%E9%A2%91%E9%81%93&type=yy
济源综合,http://live.dxhmt.cn:9081/tv/19001-1.m3u8
沁阳新闻综合,http://live.dxhmt.cn:9081/tv/10882-1.m3u8
浙江经济生活,http://ali-m-l.cztv.com/channels/lantian/channel03/1080p.m3u8
河南电视剧,https://migu.188766.xyz/?migutoken=af3c5c79512d27f5a23c6c4315eaef51&id=%E7%94%B5%E8%A7%86%E5%89%A7%E9%A2%91%E9%81%93&type=yy
兰考综合,http://tvpull.dxhmt.cn:9081/tv/10225-1.m3u8
沁阳新闻综合,https://stream1.freetv.fun/qin-yang-xin-wen-zong-he-1.m3u8
浙江经济生活,http://ali-xwl.cztv.com/live/channel03720Plxw.m3u8
河南公共,https://migu.188766.xyz/?migutoken=113c81f536f7004c7d4afda09f9b6817&id=%E5%85%AC%E5%85%B1%E9%A2%91%E9%81%93&type=yy
兰考综合,http://live.dxhmt.cn:9081/tv/10225-1.m3u8
沁阳新闻综合,http://tvpull.dxhmt.cn:9081/tv/10882-1.m3u8
浙江经济生活,http://ls.qingting.fm/live/1099.m3u8
河南法治,https://migu.188766.xyz/?migutoken=54e00d5a702c08b2079019e0d25dbfe9&id=%E6%B3%95%E6%B2%BB%E9%A2%91%E9%81%93&type=yy
伊川综合,http://tvpull.dxhmt.cn:9081/tv/10329-1.m3u8
永城综合,http://tvpull.dxhmt.cn:9081/tv/11481-1.m3u8
浙江经济生活,https://t.freetv.fun/live/zhe-jiang-jing-ji-sheng-huo-2.m3u8
河南武术,https://migu.188766.xyz/?migutoken=d2efa36a3b74ece795e05d8c2ebd5a57&id=%E6%AD%A6%E6%9C%AF%E9%A2%91%E9%81%93&type=yy
伊川综合,http://live.dxhmt.cn:9081/tv/10329-1.m3u8
方城一套,http://tvpull.dxhmt.cn:9081/tv/11322-1.m3u8
浙江经济生活,https://t.freetv.fun/live/zhe-jiang-jing-ji-sheng-huo-3.m3u8
河南移动戏曲,https://migu.188766.xyz/?migutoken=3f51a05aafd9997080216c21f81a8965&id=%E7%A7%BB%E5%8A%A8%E6%88%8F%E6%9B%B2%E9%A2%91%E9%81%93&type=yy
长垣综合,http://tvpull.dxhmt.cn:9081/tv/10728-1.m3u8
方城一套,http://tvpull.dxhmt.cn:9081/tv/11322-1.m3u8?zhend
浙江经济生活,http://l.cztvcloud.com/channels/lantian/SXxiaoshan2/720p.m3u8
河南文物宝库,https://migu.188766.xyz/?migutoken=7257ffaba4e81d8e5ec8670bb4b5d0e3&id=%E6%96%87%E7%89%A9%E5%AE%9D%E5%BA%93&type=yy
长垣综合,http://live.dxhmt.cn:9081/tv/10728-1.m3u8
新野综合,http://tvpull.dxhmt.cn:9081/tv/11329-1.m3u8?zhend
浙江教育,https://ali-m-l.cztv.com/channels/lantian/channel004/1080p.m3u8?
河南象视界,https://migu.188766.xyz/?migutoken=051ac2838f29d70fbd5e28a441878183&id=%E8%B1%A1%E8%A7%86%E7%95%8C&type=yy
开封新闻,http://tvpull.dxhmt.cn:9081/tv/10200-2.m3u8
新野综合,http://tvpull.dxhmt.cn:9081/tv/11329-1.m3u8?zhend?
浙江教育,https://ali-m-l.cztv.com/channels/lantian/channel004/1080p.m3u8
广东影视,https://hk.188766.xyz/?migutoken=a9526755ac9cec9ae659024c86f7e853&id=gd_gdys&type=sz
开封新闻,http://live.dxhmt.cn:9081/tv/10200-2.m3u8
新野综合,http://tvpull.dxhmt.cn:9081/tv/11329-1.m3u8
浙江教育,http://ali-m-l.cztv.com/channels/lantian/channel04/720p.m3u8
广东少儿,https://hk.188766.xyz/?migutoken=562fd2fb89989b57e7d0be640006252c&id=gd_gdse&type=sz
开封文化旅游,http://tvpull.dxhmt.cn:9081/tv/10200-3.m3u8
新安新闻综合,http://live.dxhmt.cn:9081/tv/10323-1.m3u8
浙江民生,https://ali-m-l.cztv.com/channels/lantian/channel006/1080p.m3u8?
嘉佳卡通,https://hk.188766.xyz/?migutoken=2e400090516fd6d8cb855fd8aeb66cc6&id=gd_jjkt&type=sz
开封文化旅游,http://live.dxhmt.cn:9081/tv/10200-3.m3u8
新安新闻综合,http://tvpull.dxhmt.cn:9081/tv/10323-1.m3u8
浙江民生,https://ali-m-l.cztv.com/channels/lantian/channel006/1080p.m3u8
岭南戏曲,https://hk.188766.xyz/?migutoken=b7269e56353114c831b13aa1a33726ad&id=gd_lnxq&type=sz
内黄综合,http://tvpull.dxhmt.cn:9081/tv/10527-1.m3u8
新安新闻综合,http://tvpull.dxhmt.cn:9081/tv/10323-1.m3u8?%E5%85%B3%E6%B3%A8%E5%BE%AE%E4%BF%A1%E5%85%AC%E4%BC%97%E5%8F%B7[%E6%99%B4%E5%9B%AD]
浙江民生,http://ali-m-l.cztv.com/channels/lantian/channel06/1080p.m3u8
广东移动,https://hk.188766.xyz/?migutoken=f53a1640a8670c6f49ed00ac4785ee95&id=gd_gdyd&type=sz
内黄综合,http://live.dxhmt.cn:9081/tv/10527-1.m3u8
新安新闻综合,http://tvpull.dxhmt.cn:9081/tv/10323-1.m3u8?zhend
浙江民生,http://ali-m-l.cztv.com/channels/lantian/channel006/1080p.m3u8
现代教育,https://hk.188766.xyz/?migutoken=ee547233a8bea75f2821dd1f2260f27d&id=gd_xdjy&type=sz
新县电视台,http://tvpull.dxhmt.cn:9081/tv/11523-1.m3u8
开封新闻综合,https://stream1.freetv.fun/kai-feng-xin-wen-zong-he-2.m3u8
浙江民生,https://t.freetv.fun/live/zhe-jiang-min-sheng-1.m3u8
广东生活频道,https://hk.188766.xyz/?migutoken=6d2a10014f0def9f7e0c8032922e6b22&id=gd_gdsh&type=sz
新县电视台,http://live.dxhmt.cn:9081/tv/11523-1.m3u8
开封新闻综合,http://tvpull.dxhmt.cn:9081/tv/10200-2.m3u8?zhend
浙江民生,https://t.freetv.fun/live/zhe-jiang-min-sheng-3.m3u8
上海新闻综合,https://migu.188766.xyz/?migutoken=c3fda63108848f2ebd04a24734ae1854&id=%E4%B8%8A%E6%B5%B7%E6%96%B0%E9%97%BB%E7%BB%BC%E5%90%88&type=yy
淇县电视台,http://tvpull.dxhmt.cn:9081/tv/10622-1.m3u8
开封文化旅游,http://live.dxhmt.cn:9081/tv/10200-3.m3u8
浙江民生,https://t.freetv.fun/live/zhe-jiang-min-sheng.m3u8
上海第一财经,#EXTVLCOPT:referer=https://live.kankanews.com/
淇县电视台,http://live.dxhmt.cn:9081/tv/10622-1.m3u8
开封文化旅游,http://tvpull.dxhmt.cn:9081/tv/10200-3.m3u8?zhend
浙江新闻,https://ali-m-l.cztv.com/channels/lantian/channel007/1080p.m3u8
上海新纪实,#EXTVLCOPT:referer=https://live.kankanews.com/
汤阴综合,http://tvpull.dxhmt.cn:9081/tv/10523-1.m3u8
开封文化旅游,http://tvpull.dxhmt.cn:9081/tv/10200-3.m3u8
浙江新闻,http://ali-m-l.cztv.com/channels/lantian/channel07/720p.m3u8
上海都市,#EXTVLCOPT:referer=https://live.kankanews.com/
汤阴综合,http://live.dxhmt.cn:9081/tv/10523-1.m3u8
开封文化旅游,http://tvpull.dxhmt.cn:9081/tv/10200-3.m3u8?zhend,
浙江新闻,http://ali-xwl.cztv.com/live/channel071080Plxw.m3u8
哈哈炫动,#EXTVLCOPT:referer=https://live.kankanews.com/
新乡县综合,http://tvpull.dxhmt.cn:9081/tv/10721-1.m3u8
嵩县综合新闻,http://tvpull.dxhmt.cn:9081/tv/10325-1.m3u8?zhendhttp://wshls.live.migucloud.com/live/MZCYG799_C0/playlist.m3u8?zhend
浙江新闻,http://ali-xwl.cztv.com/live/channel07720Plxw.m3u8
上海魔都眼,#EXTVLCOPT:referer=https://live.kankanews.com/
新乡县综合,http://live.dxhmt.cn:9081/tv/10721-1.m3u8
宜阳综合,http://live.dxhmt.cn:9081/tv/10327-1.m3u8
浙江新闻,http://ali-m-l.cztv.com/channels/lantian/channel007/720p.m3u8
爱上海,#EXTVLCOPT:referer=https://live.kankanews.com/
舞钢综合,http://tvpull.dxhmt.cn:9081/tv/10481-1.m3u8
宜阳综合,http://tvpull.dxhmt.cn:9081/tv/10327-1.m3u8?wsSecret=df15530a0abec41b14bca00fc96270d1&wsTime=1654956569
浙江新闻,http://ali-m-l.cztv.com/channels/lantian/channel007/1080p.m3u8?zzhed
海南新闻,https://migu.188766.xyz/?migutoken=849d00c30a1b68e6f34d6124f02b3977&id=hn_xwpd&type=sz
舞钢综合,http://live.dxhmt.cn:9081/tv/10481-1.m3u8
宜阳综合,http://tvpull.dxhmt.cn:9081/tv/10327-1.m3u8
浙江新闻,http://ali-m-l.cztv.com/channels/lantian/channel007/1080p.m3u8
海南文旅,https://migu.188766.xyz/?migutoken=fe88582cf18aaa62c03b7a10c99a004a&id=hn_wlpd&type=sz
灵宝新闻综合,http://tvpull.dxhmt.cn:9081/tv/11282-1.m3u8
宜阳综合,http://iptv.cdn.ha.chinamobile.com/PLTV/88888888/224/3221227059/index.m3u8
浙江新闻,http://ali-vl.cztv.com/channels/lantian/channel007/360p.m3u8
海南自贸,https://migu.188766.xyz/?migutoken=e63fdf2a2a8b9de272ca02e33aadaa13&id=hn_jjpd&type=sz
灵宝新闻综合,http://live.dxhmt.cn:9081/tv/11282-1.m3u8
宜阳综合,http://tvpull.dxhmt.cn:9081/tv/10327-1.m3u8?zhend
浙江新闻,https://stream1.freetv.fun/zhe-jiang-xin-wen-5.m3u8
海南公共,https://migu.188766.xyz/?migutoken=784d83942726e1528e8dfb82ac25cfdf&id=hn_ggpd&type=sz
淮滨综合,http://tvpull.dxhmt.cn:9081/tv/11527-1.m3u8
周口新闻综合,https://stream1.freetv.fun/zhou-kou-xin-wen-zong-he-1.m3u8
浙江新闻,https://stream1.freetv.fun/zhe-jiang-xin-wen-11.m3u8
海南少儿,https://migu.188766.xyz/?migutoken=1ab9fdc372b6919bf7fd38da75c39a5b&id=hn_sepd&type=sz
淮滨综合,http://live.dxhmt.cn:9081/tv/11527-1.m3u8
周口新闻综合,https://stream1.freetv.fun/zhou-kou-xin-wen-zong-he-2.m3u8
浙江少儿,https://ali-m-l.cztv.com/channels/lantian/channel008/1080p.m3u8?
浙江新闻,https://ali-m-l.cztv.com/channels/lantian/channel007/1080p.m3u8
光山综合,http://tvpull.dxhmt.cn:9081/tv/11522-1.m3u8
内黄综合,http://live.dxhmt.cn:9081/tv/10527-1.m3u8
浙江少儿,https://ali-m-l.cztv.com/channels/lantian/channel008/1080p.m3u8
浙江国际,https://ali-m-l.cztv.com/channels/lantian/channel010/1080p.m3u8
光山综合,http://live.dxhmt.cn:9081/tv/11522-1.m3u8
内黄综合,http://tvpull.dxhmt.cn:9081/tv/10527-1.m3u8?wsSecret=df15530a0abec41b14bca00fc96270d1&wsTime=1654956569
浙江少儿,http://ali-m-l.cztv.com/channels/lantian/channel008/1080p.m3u8
浙江少儿,https://ali-m-l.cztv.com/channels/lantian/channel008/1080p.m3u8
滑县TV1,http://tvpull.dxhmt.cn:9081/tv/10526-1.m3u8
内黄综合,http://tvpull.dxhmt.cn:9081/tv/10527-1.m3u8?zhend
浙江少儿,http://ali-vl.cztv.com/channels/lantian/channel008/360p.m3u8
浙江教科,https://ali-m-l.cztv.com/channels/lantian/channel004/1080p.m3u8
滑县TV1,http://live.dxhmt.cn:9081/tv/10526-1.m3u8
内黄综合,http://tvpull.dxhmt.cn:9081/tv/10527-1.m3u8
浙江少儿,https://stream1.freetv.fun/zhe-jiang-shao-er-4.m3u8
之江纪录,https://ali-m-l.cztv.com/channels/lantian/channel012/1080p.m3u8
滑县TV2,http://tvpull.dxhmt.cn:9081/tv/10526-2.m3u8
内乡综合,http://tvpull.dxhmt.cn:9081/tv/11325-1.m3u8?%E5%85%B3%E6%B3%A8%E5%BE%AE%E4%BF%A1%E5%85%AC%E4%BC%97%E5%8F%B7[%E6%99%B4%E5%9B%AD]
浙江少儿,https://stream1.freetv.fun/zhe-jiang-shao-er-4.ctv
浙江民生,https://ali-m-l.cztv.com/channels/lantian/channel006/1080p.m3u8
滑县TV2,http://live.dxhmt.cn:9081/tv/10526-2.m3u8
偃师新闻,http://live.dxhmt.cn:9081/tv/10381-1.m3u8
浙江少儿,https://stream1.freetv.fun/zhe-jiang-shao-er-6.ctv
浙江经济,https://ali-m-l.cztv.com/channels/lantian/channel003/1080p.m3u8
清丰电视台,http://tvpull.dxhmt.cn:9081/tv/10922-1.m3u8
偃师新闻,http://tvpull.dxhmt.cn:9081/tv/10381-1.m3u8?wsSecret=df15530a0abec41b14bca00fc96270d1&wsTime=1654956569
浙江少儿,https://stream1.freetv.fun/zhe-jiang-shao-er-9.ctv
浙江钱江,https://ali-m-l.cztv.com/channels/lantian/channel002/1080p.m3u8
清丰电视台,http://live.dxhmt.cn:9081/tv/10922-1.m3u8
偃师新闻,http://tvpull.dxhmt.cn:9081/tv/10381-1.m3u8
杭州综合,https://stream1.freetv.fun/hang-zhou-zong-he-3.ctv
内蒙古农牧,http://play1-qk.nmtv.cn:80/live/1686561299036179.m3u8
通许综合,http://tvpull.dxhmt.cn:9081/tv/10222-1.m3u8
鹿泉一套,https://jwcdnqx.hebyun.com.cn/live/luquanyi/1500k/tzwj_video.m3u8
杭州综合,https://stream1.freetv.fun/hang-zhou-zong-he-2.ctv
内蒙古新闻综合,http://play1-qk.nmtv.cn/live/1686560423879174.m3u8
通许综合,http://live.dxhmt.cn:9081/tv/10222-1.m3u8
邯郸科技教育,https://jwcdnqx.hebyun.com.cn/live/hdkj/1500k/tzwj_video.m3u8
杭州明珠,https://stream1.freetv.fun/hang-zhou-ming-zhu-2.ctv
内蒙古少儿,http://play1-qk.nmtv.cn/live/1686560464515368.m3u8
沈丘新闻综合,http://tvpull.dxhmt.cn:9081/tv/11624-1.m3u8
邯郸公共,https://jwcdnqx.hebyun.com.cn/live/hdgg/1500k/tzwj_video.m3u8
杭州明珠,https://stream1.freetv.fun/hang-zhou-ming-zhu-1.ctv
内蒙古文体娱乐,http://play1-qk.nmtv.cn/live/1686561195713372.m3u8
沈丘新闻综合,http://live.dxhmt.cn:9081/tv/11624-1.m3u8
邯郸公共,https://jwliveqxzb.hebyun.com.cn/hdgg/hdgg.m3u8
杭州生活,https://stream1.freetv.fun/hang-zhou-sheng-huo-1.ctv
内蒙古经济生活,http://play1-qk.nmtv.cn/live/1686562470947181.m3u8
桐柏新闻综合,http://tvpull.dxhmt.cn:9081/tv/11330-1.m3u8
邯郸新闻,https://jwcdnqx.hebyun.com.cn/live/hdxwzh/1500k/tzwj_video.m3u8
杭州生活,https://stream1.freetv.fun/hang-zhou-sheng-huo-2.ctv
内蒙古蒙语卫视,http://play1-qk.nmtv.cn/live/1686560387346365.m3u8
桐柏新闻综合,http://live.dxhmt.cn:9081/tv/11330-1.m3u8
邯郸新闻,https://jwliveqxzb.hebyun.com.cn/hdxwzh/hdxwzh.m3u8
杭州生活,https://stream1.freetv.fun/hang-zhou-sheng-huo-3.ctv
内蒙古蒙语文化,http://play1-qk.nmtv.cn/live/1686561065304370.m3u8
夏邑综合,http://tvpull.dxhmt.cn:9081/tv/11426-1.m3u8
邯郸科教,https://jwcdnqx.hebyun.com.cn/live/hdkj/1500k/tzwj_video.m3u8
杭州影视,https://stream1.freetv.fun/hang-zhou-ying-shi-2.ctv
凤凰中文,https://mgev.188766.xyz/?migutoken=0b2019460a2de764257eb6713346d30d&id=fhzw&pp=1
夏邑综合,http://live.dxhmt.cn:9081/tv/11426-1.m3u8
邯郸科教,https://jwliveqxzb.hebyun.com.cn/hdkj/hdkj.m3u8
浙江教科,https://ali-m-l.cztv.com/channels/lantian/channel004/1080p.m3u8
凤凰中文,https://mgev.188766.xyz/?migutoken=1ac83ad29e41b15f5cff0101847b161e&id=hk_fhzw&type=dy
平兴新闻综合,http://tvpull.dxhmt.cn:9081/tv/11723-1.m3u8
邢台综合,http://jwplay.hebyun.com.cn/live/xtsrmtzs/1500k/tzwj_video.m3u8
浙江教科,http://ali-m-l.cztv.com/channels/lantian/channel004/1080p.m3u8
凤凰资讯,https://mgev.188766.xyz/?migutoken=5e0cbb4a6313e3d4ef513746806981c2&id=fhzx&pp=1
平兴新闻综合,http://live.dxhmt.cn:9081/tv/11723-1.m3u8
邢台综合,https://jwplay.hebyun.com.cn/live/xttv/1500k/tzwj_video.m3u8
浙江经济,http://ali-m-l.cztv.com/channels/lantian/channel03/720p.m3u8
凤凰资讯,https://mgev.188766.xyz/?migutoken=bcd193daed93e5c10628ae3f8c5e78e0&id=hk_fhzx&type=dy
偃师新闻,http://tvpull.dxhmt.cn:9081/tv/10381-1.m3u8
邢台综合,https://jwplay.hebyun.com.cn/live/xttv/1500k/tzwj_video.m3u8?zhebd
浙江经济,http://ali-m-l.cztv.com/channels/lantian/channel003/1080p.m3u8
凤凰香港,https://mgev.188766.xyz/?migutoken=92abbfde086cb757f6b541b464825111&id=fhhk&pp=1
偃师新闻,http://live.dxhmt.cn:9081/tv/10381-1.m3u8
邢台综合,https://jwplay.hebyun.com.cn:443/live/xtsrmtzs/1500k/tzwj_video.m3u8
之江纪录,https://ali-m-l.cztv.com/channels/lantian/channel012/1080p.m3u8
凤凰香港,https://mgev.188766.xyz/?migutoken=0ecb35845691f53042708ee4edd17aff&id=hk_fhhk&type=dy
上街电视台,http://tvpull.dxhmt.cn:9081/tv/10106-1.m3u8
邢台综合,https://stream1.freetv.fun/xing-tai-zong-he-2.m3u8
之江纪录,http://ali-m-l.cztv.com/channels/lantian/channel12/1080p.m3u8
翡翠台,https://mgev.188766.xyz/?migutoken=1cab54a90f4dbb6ca15b621fbb64ca2f&id=hk_fct&type=dy
上街电视台,http://live.dxhmt.cn:9081/tv/10106-1.m3u8
邢台综合,https://stream1.freetv.fun/xing-tai-zong-he-6.m3u8
之江纪录,http://ali-m-l.cztv.com/channels/lantian/channel012/1080p.m3u8
翡翠台4K,https://mgev.188766.xyz/?migutoken=9acf29ed20016fda7f8c30242b286b1d&id=hk_fct4k&type=dy
沁阳新闻综合,http://tvpull.dxhmt.cn:9081/tv/10882-1.m3u8
邢台综合,https://stream1.freetv.fun/xing-tai-zong-he-12.m3u8
浙江国际,https://ali-m-l.cztv.com/channels/lantian/channel010/1080p.m3u8
无线新闻,https://mgev.188766.xyz/?migutoken=6d8d51457c4a22dc7f6fd2c24f03dfce&id=hk_wxxw&type=dy
沁阳新闻综合,http://live.dxhmt.cn:9081/tv/10882-1.m3u8
邢台综合,https://stream1.freetv.fun/xing-tai-zong-he-4.m3u8
浙江国际,https://ali-m-l.cztv.com/channels/lantian/channel010/1080p.m3u8?
Now新闻台,https://mgev.188766.xyz/?migutoken=170015f447c81f9690e17bd5036ee96a&id=hk_now&type=dy
项城电视台,http://tvpull.dxhmt.cn:9081/tv/11681-1.m3u8
邢台综合,https://stream1.freetv.fun/xing-tai-zong-he-1.m3u8
浙江国际,http://ali-m-l.cztv.com/channels/lantian/channel010/1080p.m3u8
TVB Plus,https://mgev.188766.xyz/?migutoken=ef5edac2b9580e0d4bb5cb5d9287fb6e&id=hk_tvbp&type=dy
项城电视台,http://live.dxhmt.cn:9081/tv/11681-1.m3u8
邢台综合,https://t.freetv.fun/live/xing-tai-zong-he-1.m3u8
浙江国际,http://ali-m-l.cztv.com/channels/lantian/channel010/720p.m3u8
明珠台,https://mgev.188766.xyz/?migutoken=360a0f58e335e1971bdae8c30e4ca02f&id=hk_mzt&type=dy
汝阳新闻综合,http://tvpull.dxhmt.cn:9081/tv/10326-1.m3u8
衡水公共,http://ls.qingting.fm/live/2810.m3u8
浙江国际,http://ali-xwl.cztv.com/live/channel10720Plxw.m3u8
TVB星河,https://mgev.188766.xyz/?migutoken=e5eecd24da049c03c51dc9ceb0389b5c&id=hk_tvbxh&type=dy
汝阳新闻综合,http://live.dxhmt.cn:9081/tv/10326-1.m3u8
石家庄都市,https://stream1.freetv.fun/shi-jia-zhuang-du-shi-5.ctv
浙江国际,http://ali-m-l.cztv.com/channels/lantian/channel010/1080p.m3u8?zzhed
TVB功夫,https://mgev.188766.xyz/?migutoken=3f0b9f728e426522f86c1018809c3143&id=hk_yzwx&type=dy
新安新闻综合,http://tvpull.dxhmt.cn:9081/tv/10323-1.m3u8
石家庄都市,https://stream1.freetv.fun/shi-jia-zhuang-du-shi-4.ctv
浙江国际,http://ali-xwl.cztv.com/live/channel101080Plxw.m3u8
八度空间,https://mgev.188766.xyz/?migutoken=ea73cd8cf4ff24ed5bc58edb58e252c3&id=hk_8tv&type=dy
新安新闻综合,http://live.dxhmt.cn:9081/tv/10323-1.m3u8
石家庄都市,https://stream1.freetv.fun/shi-jia-zhuang-du-shi-6.ctv
浙江国际,https://stream1.freetv.fun/zhe-jiang-guo-ji-7.m3u8
CHU,https://mgev.188766.xyz/?migutoken=320670bd0903ba0c8fa8a9f72464be1d&id=hk_chu&type=dy
罗山电视台,http://tvpull.dxhmt.cn:9081/tv/11521-1.m3u8
石家庄都市,https://stream1.freetv.fun/shi-jia-zhuang-du-shi-1.ctv
浙江国际,https://stream1.freetv.fun/zhe-jiang-guo-ji-10.m3u8
CH5,https://mgev.188766.xyz/?migutoken=f9198c11c98c45817abb7af83cb83f6e&id=hk_ch5&type=dy
罗山电视台,http://live.dxhmt.cn:9081/tv/11521-1.m3u8
石家庄生活,https://stream1.freetv.fun/shi-jia-zhuang-sheng-huo-2.ctv
浙江国际,https://stream1.freetv.fun/zhe-jiang-guo-ji-3.ctv
CH8,https://mgev.188766.xyz/?migutoken=ee929372f44bd5bf3438f13f57e838e6&id=hk_ch8&type=dy
潢川电视台,http://tvpull.dxhmt.cn:9081/tv/11526-1.m3u8
石家庄生活,https://stream1.freetv.fun/shi-jia-zhuang-sheng-huo-5.ctv
嘉兴新闻综合,http://tvfile.jyrmt.cn:80/nmip-media/channellive/channel104452/playlist.m3u8
澳视澳门,https://mgev.188766.xyz/?migutoken=e81acede2acfde0810539c95377e7391&id=hk_asam&type=dy
潢川电视台,http://live.dxhmt.cn:9081/tv/11526-1.m3u8
石家庄生活,https://stream1.freetv.fun/shi-jia-zhuang-sheng-huo-7.ctv
嘉兴新闻综合,http://live.zohi.tv/video/s10001-fztv-1/index.m3u8
HOY77,https://mgev.188766.xyz/?migutoken=7dd2ecfb7806419b53448109b4ba6c84&id=hk_hoy&type=dy
上蔡1,http://tvpull.dxhmt.cn:9081/tv/11722-1.m3u8
石家庄生活,https://stream1.freetv.fun/shi-jia-zhuang-sheng-huo-1.ctv
湖州公共,https://stream1.freetv.fun/hu-zhou-gong-gong-9.m3u8
睛彩竞技-移动或影视专用,https://msj.188766.xyz/play?id=3000000020000011528&token=9eb6f7829eb6f7829eb6f7829eb6f782&client=ys
上蔡1,http://live.dxhmt.cn:9081/tv/11722-1.m3u8
石家庄新闻综合,https://stream1.freetv.fun/shi-jia-zhuang-xin-wen-zong-he-5.ctv
湖州公共,https://stream1.freetv.fun/hu-zhou-gong-gong-3.m3u8
睛彩篮球-移动或影视专用,https://msj.188766.xyz/play?id=3000000020000011529&token=9eb6f7839eb6f7839eb6f7839eb6f783&client=ys
确山电视台1,http://live.dxhmt.cn:9081/tv/11725-1.m3u8
石家庄新闻综合,https://stream1.freetv.fun/shi-jia-zhuang-xin-wen-zong-he-6.ctv
湖州公共,https://stream1.freetv.fun/hu-zhou-gong-gong-1.m3u8
睛彩青少-移动或影视专用,https://msj.188766.xyz/play?id=3000000020000011525&token=9eb6f77f9eb6f77f9eb6f77f9eb6f77f&client=ys
荥阳1,http://tvpull.dxhmt.cn:9081/tv/10182-1.m3u8
石家庄新闻综合,https://stream1.freetv.fun/shi-jia-zhuang-xin-wen-zong-he-7.ctv
湖州公共,https://t.freetv.fun/live/hu-zhou-gong-gong-1.m3u8
睛彩广场舞-移动或影视专用,https://msj.188766.xyz/play?id=3000000020000011523&token=9eb6f77d9eb6f77d9eb6f77d9eb6f77d&client=ys
荥阳1,http://live.dxhmt.cn:9081/tv/10182-1.m3u8
石家庄新闻综合,https://stream1.freetv.fun/shi-jia-zhuang-xin-wen-zong-he-8.ctv
湖州公共,https://t.freetv.fun/live/hu-zhou-gong-gong-2.m3u8
咪视界4K-1-移动或影视专用,https://msj.188766.xyz/play?id=3000000010000005180&token=09c5f06a09c5f06a09c5f06a09c5f06a&client=ys
温县融媒,http://tvpull.dxhmt.cn:9081/tv/10825-1.m3u8
石家庄新闻综合,https://stream1.freetv.fun/shi-jia-zhuang-xin-wen-zong-he-2.ctv
湖州公共,https://t.freetv.fun/live/hu-zhou-gong-gong-3.m3u8
咪视界4K-2-移动或影视专用,https://msj.188766.xyz/play?id=3000000010000015686&token=09d41ab609d41ab609d41ab609d41ab6&client=ys
温县融媒,http://live.dxhmt.cn:9081/tv/10825-1.m3u8
石家庄娱乐,https://stream1.freetv.fun/shi-jia-zhuang-yu-le-7.ctv
湖州公共,https://t.freetv.fun/live/hu-zhou-gong-gong.m3u8
咪视界-1-移动或影视专用,https://msj.188766.xyz/play?id=3000000001000005308&token=692ab55a692ab55a692ab55a692ab55a&client=ys
建安新闻,http://tvpull.dxhmt.cn:9081/tv/11003-1.m3u8
石家庄娱乐,https://stream1.freetv.fun/shi-jia-zhuang-yu-le-9.ctv
湖州新闻综合,http://hzcm-live.media.hugd.com/3f5fa7d64c7c46a38c6bd8ad35e836cc/65128273761b4731ae53729ea6dcf932.m3u8?auth_key=2277598215-9d21c15111244bea8d298c361d31a72e-0-d031198f58d44b0e91ba2e3f3b188865&fbl=
咪视界-2-移动或影视专用,https://msj.188766.xyz/play?id=3000000001000005969&token=692acc9b692acc9b692acc9b692acc9b&client=ys
建安新闻,http://live.dxhmt.cn:9081/tv/11003-1.m3u8
石家庄娱乐,https://stream1.freetv.fun/shi-jia-zhuang-yu-le-6.ctv
湖州新闻综合,http://hzcm-live.media.hugd.com/3f5fa7d64c7c46a38c6bd8ad35e836cc/65128273761b4731ae53729ea6dcf932.m3u8?auth_key=2277598215-9d21c15111244bea8d298c361d31a72e-0-d031198f58d44b0e91ba2e3f3b188865
咪视界-3-移动或影视专用,https://msj.188766.xyz/play?id=3000000001000007218&token=692b9a76692b9a76692b9a76692b9a76&client=ys
封丘新闻综合,http://tvpull.dxhmt.cn:9081/tv/10727-1.m3u8
石家庄娱乐,https://stream1.freetv.fun/shi-jia-zhuang-yu-le-4.ctv
湖州新闻综合,https://hzcm-live.media.hugd.com/3f5fa7d64c7c46a38c6bd8ad35e836cc/65128273761b4731ae53729ea6dcf932.m3u8?auth_key=2277598215-9d21c15111244bea8d298c361d31a72e-0-d031198f58d44b0e91ba2e3f3b188865
咪视界-4-移动或影视专用,https://msj.188766.xyz/play?id=3000000001000008001&token=692c072d692c072d692c072d692c072d&client=ys
封丘新闻综合,http://live.dxhmt.cn:9081/tv/10727-1.m3u8
石家庄娱乐,https://stream1.freetv.fun/shi-jia-zhuang-yu-le-1.ctv
湖州文化娱乐,http://hzcm-live.media.hugd.com/613c47f0ab0d4eaa98b21378d0db6ded/0051d31c9dd543a7825eea4e49675b2a.m3u8?auth_key=2277598059-0a5ebfa1c0dc4671b42a60810fc37039-0-fa625b7d1feab612062453c12e3c8887&fbl=
咪视界-5-移动或影视专用,https://msj.188766.xyz/play?id=3000000001000008176&token=692c0bcc692c0bcc692c0bcc692c0bcc&client=ys
林州电视台,http://tvpull.dxhmt.cn:9081/tv/10581-1.m3u8
滦平新闻,http://jwplay.hebyun.com.cn/live/LPTV001/1500k/tzwj_video.m3u8
湖州文化娱乐,http://hzcm-live.media.hugd.com/613c47f0ab0d4eaa98b21378d0db6ded/0051d31c9dd543a7825eea4e49675b2a.m3u8?auth_key=2277598059-0a5ebfa1c0dc4671b42a60810fc37039-0-fa625b7d1feab612062453c12e3c8887
咪视界-6-移动或影视专用,https://msj.188766.xyz/play?id=3000000001000008379&token=692c1351692c1351692c1351692c1351&client=ys
林州电视台,http://live.dxhmt.cn:9081/tv/10581-1.m3u8
河北都市,http://1.94.31.214/php/hebei.php?id=hbds
湖州文化娱乐,https://hzcm-live.media.hugd.com/613c47f0ab0d4eaa98b21378d0db6ded/0051d31c9dd543a7825eea4e49675b2a.m3u8?auth_key=2277598059-0a5ebfa1c0dc4671b42a60810fc37039-0-fa625b7d1feab612062453c12e3c8887
咪视界-7-移动或影视专用,https://msj.188766.xyz/play?id=3000000001000010129&token=69367fbd69367fbd69367fbd69367fbd&client=ys
鄢陵综合,http://tvpull.dxhmt.cn:9081/tv/11024-1.m3u8
河北都市,https://radio.pull.hebtv.com/live/hebnczx.m3u8
浙江经视,http://ali-m-l.cztv.com/channels/lantian/channel003/720p.m3u8
咪视界-8-移动或影视专用,https://msj.188766.xyz/play?id=3000000001000010948&token=69369e0269369e0269369e0269369e02&client=ys
鄢陵综合,http://live.dxhmt.cn:9081/tv/11024-1.m3u8
河北都市,https://stream1.freetv.fun/he-bei-du-shi-13.ctv
浙江留学,http://ali-vl.cztv.com/channels/lantian/channel009/360p.m3u8
咪视界-9-移动或影视专用,https://msj.188766.xyz/play?id=3000000001000028638&token=69484d1969484d1969484d1969484d19&client=ys
邓州新闻,http://tvpull.dxhmt.cn:9081/tv/11381-1.m3u8
河北农民,http://1.94.31.214/php/hebei.php?id=nmpd
浙江民生休闲,http://ali-xwl.cztv.com/live/channel061080Plxw.m3u8
咪视界-10-移动或影视专用,https://msj.188766.xyz/play?id=3000000001000031494&token=69532f3569532f3569532f3569532f35&client=ys
邓州新闻,http://live.dxhmt.cn:9081/tv/11381-1.m3u8
河北农民,https://ls.qingting.fm/live/1650/64k.m3u8
浙江民生休闲,http://ali-xwl.cztv.com/live/channel06720Plxw.m3u8
咪视界-11-移动或影视专用,https://msj.188766.xyz/play?id=3000000010000000097&token=09c3a6f409c3a6f409c3a6f409c3a6f4&client=ys
社旗电视台,http://tvpull.dxhmt.cn:9081/tv/11327-1.m3u8
河北农民,http://ls.qingting.fm/live/1650.m3u8
浙江民生休闲,http://ali-vl.cztv.com/channels/lantian/channel006/360p.m3u8
咪视界-12-移动或影视专用,https://msj.188766.xyz/play?id=3000000010000002019&token=09c48ebc09c48ebc09c48ebc09c48ebc&client=ys
社旗电视台,http://live.dxhmt.cn:9081/tv/11327-1.m3u8
河北农民,https://jwcdnqx.hebyun.com.cn/live/clzhpd/1500k/tzwj_video.m3u8?zhebd
浙江民生休闲,https://stream1.freetv.fun/zhe-jiang-min-sheng-10.m3u8
咪视界-13-移动或影视专用,https://msj.188766.xyz/play?id=3000000010000002809&token=09c4aca509c4aca509c4aca509c4aca5&client=ys
镇平新闻综合,http://tvpull.dxhmt.cn:9081/tv/11324-1.m3u8
河北农民,https://t.freetv.fun/live/he-bei-nong-min-1.m3u8
浙江民生休闲,https://stream1.freetv.fun/zhe-jiang-min-sheng-2.m3u8
咪视界-14-移动或影视专用,https://msj.188766.xyz/play?id=3000000010000003915&token=09c524e009c524e009c524e009c524e0&client=ys
镇平新闻综合,http://live.dxhmt.cn:9081/tv/11324-1.m3u8
河北农民,https://t.freetv.fun/live/he-bei-nong-min.m3u8
浙江民生休闲,https://stream1.freetv.fun/zhe-jiang-min-sheng-5.m3u8
咪视界-15-移动或影视专用,https://msj.188766.xyz/play?id=3000000010000004193&token=09c57c2d09c57c2d09c57c2d09c57c2d&client=ys
孟州1,http://tvpull.dxhmt.cn:9081/tv/10883-1.m3u8
昌黎综合,https://jwcdnqx.hebyun.com.cn/live/clzhpd/1500k/tzwj_video.m3u8
浙江民生休闲,https://stream1.freetv.fun/zhe-jiang-min-sheng-9.m3u8
咪视界-16-移动或影视专用,https://msj.188766.xyz/play?id=3000000010000005837&token=09c60a1d09c60a1d09c60a1d09c60a1d&client=ys
孟州1,http://live.dxhmt.cn:9081/tv/10883-1.m3u8
昌黎综合,https://jwcdnqx.hebyun.com.cn/zb/clzhpd/1500k/tzwj_video.m3u8
浙江民生休闲,https://stream1.freetv.fun/zhe-jiang-min-sheng-8.m3u8
咪视界-17-移动或影视专用,https://msj.188766.xyz/play?id=3000000010000006077&token=09c660f009c660f009c660f009c660f0&client=ys
郏县综合,http://tvpull.dxhmt.cn:9081/tv/10425-1.m3u8
任丘文娱,https://jwcdnqx.hebyun.com.cn/live/rqtv2/1500k/tzwj_video.m3u8
浙江民生休闲,https://stream1.freetv.fun/zhe-jiang-min-sheng-3.m3u8
咪视界-18-移动或影视专用,https://msj.188766.xyz/play?id=3000000010000006658&token=09c6773909c6773909c6773909c67739&client=ys
郏县综合,http://live.dxhmt.cn:9081/tv/10425-1.m3u8
任丘文娱,https://jwcdnqx.hebyun.com.cn/zb/rqtv2/1500k/tzwj_video.m3u8
浙江数码时代,https://ali-m-l.cztv.com/channels/lantian/channel012/1080p.m3u8\r\n
咪视界-19-移动或影视专用,https://msj.188766.xyz/play?id=3000000010000009788&token=09c7d87409c7d87409c7d87409c7d874&client=ys
浚县电视台,http://tvpull.dxhmt.cn:9081/tv/10621-1.m3u8
任丘综合,https://jwcdnqx.hebyun.com.cn/live/rqtv1/1500k/tzwj_video.m3u8
浙江教科影院,http://ali-m-l.cztv.com/channels/lantian/channel004/1080p.m3u8
咪视界-20-移动或影视专用,https://msj.188766.xyz/play?id=3000000010000010833&token=09d1dbbf09d1dbbf09d1dbbf09d1dbbf&client=ys
浚县电视台,http://live.dxhmt.cn:9081/tv/10621-1.m3u8
任丘综合,https://jwcdnqx.hebyun.com.cn/zb/rqtv1/1500k/tzwj_video.m3u8
浙江教科影视,http://ali-xwl.cztv.com/live/channel04720Plxw.m3u8
咪视界-21-移动或影视专用,https://msj.188766.xyz/play?id=3000000010000011297&token=09d23a5609d23a5609d23a5609d23a56&client=ys
舞阳新闻综合,http://tvpull.dxhmt.cn:9081/tv/11121-1.m3u8
兴隆综合,https://jwcdnqx.hebyun.com.cn/live/xlzh/1500k/tzwj_video.m3u8
浙江教科影视,http://ali-xwl.cztv.com/live/channel041080Plxw.m3u8
咪视界-22-移动或影视专用,https://msj.188766.xyz/play?id=3000000010000011518&token=09d244a209d244a209d244a209d244a2&client=ys
舞阳新闻综合,http://live.dxhmt.cn:9081/tv/11121-1.m3u8
兴隆综合,https://jwcdnqx.hebyun.com.cn/zb/xlzh/1500k/tzwj_video.m3u8
浙江教科影视,http://ali-m-l.cztv.com/channels/lantian/channel04/1080p.m3u8
咪视界-23-移动或影视专用,https://msj.188766.xyz/play?id=3000000010000012558&token=09d2b97d09d2b97d09d2b97d09d2b97d&client=ys
渑池新闻综合,http://tvpull.dxhmt.cn:9081/tv/11221-1.m3u8
平泉影视,https://jwcdnqx.hebyun.com.cn/zb/pqys/1500k/tzwj_video.m3u8
浙江教科影视,http://ali-vl.cztv.com/channels/lantian/channel004/360p.m3u8
咪视界-24-移动或影视专用,https://msj.188766.xyz/play?id=3000000010000012616&token=09d2bcc009d2bcc009d2bcc009d2bcc0&client=ys
渑池新闻综合,http://live.dxhmt.cn:9081/tv/11221-1.m3u8
平泉综合,https://jwcdnqx.hebyun.com.cn/live/pqzh/1500k/tzwj_video.m3u8
浙江公共新闻,http://ali-m-l.cztv.com/channels/lantian/channel07/1080p.m3u8
咪视界-25-移动或影视专用,https://msj.188766.xyz/play?id=3000000010000015470&token=09d4130f09d4130f09d4130f09d4130f&client=ys
武陟新闻综合,http://tvpull.dxhmt.cn:9081/tv/10823-1.m3u8
清河新闻综合,https://jwcdnqx.hebyun.com.cn/live/qinghe/1500k/tzwj_video.m3u8
浙江公共新闻,https://stream1.freetv.fun/zhe-jiang-gong-gong-xin-wen-1.m3u8
咪视界-26-移动或影视专用,https://msj.188766.xyz/play?id=3000000010000015560&token=09d416b109d416b109d416b109d416b1&client=ys
武陟新闻综合,http://live.dxhmt.cn:9081/tv/10823-1.m3u8
清河新闻综合,https://jwcdnqx.hebyun.com.cn/zb/qinghe/1500k/tzwj_video.m3u8
浙江公共新闻,https://stream1.freetv.fun/zhe-jiang-gong-gong-xin-wen-1.ctv
咪视界-27-移动或影视专用,https://msj.188766.xyz/play?id=3000000010000017678&token=09d5035709d5035709d5035709d50357&client=ys
新郑1,http://tvpull.dxhmt.cn:9081/tv/10184-1.m3u8
清河经济综艺,https://jwcdnqx.hebyun.com.cn/live/qinghe1/1500k/tzwj_video.m3u8
浙江公共新闻,https://stream1.freetv.fun/zhe-jiang-gong-gong-xin-wen-2.ctv
咪视界-28-移动或影视专用,https://msj.188766.xyz/play?id=3000000010000019839&token=09d5f31c09d5f31c09d5f31c09d5f31c&client=ys
新郑1,http://live.dxhmt.cn:9081/tv/10184-1.m3u8
清河经济综艺,https://jwcdnqx.hebyun.com.cn/zb/qinghe1/1500k/tzwj_video.m3u8
浙江公共新闻,https://t.freetv.fun/live/zhe-jiang-gong-gong-xin-wen-1.m3u8
咪视界-29-移动或影视专用,https://msj.188766.xyz/play?id=3000000010000021904&token=09e06b0409e06b0409e06b0409e06b04&client=ys
辉县新闻综合,http://tvpull.dxhmt.cn:9081/tv/10782-1.m3u8
安顺新闻,http://hplayer1.juyun.tv/camera/154379194.m3u8
浙江休闲台,http://ali-m-l.cztv.com/channels/lantian/channel006/720p.m3u8
咪视界-30-移动或影视专用,https://msj.188766.xyz/play?id=3000000010000023434&token=09e1415a09e1415a09e1415a09e1415a&client=ys
辉县新闻综合,http://live.dxhmt.cn:9081/tv/10782-1.m3u8
安顺新闻,https://ls.qingting.fm/live/5022203/64k.m3u8
浙江青田,http://l.cztvcloud.com/channels/lantian/SXqingtian1/720p.m3u8
咪视界-31-移动或影视专用,https://msj.188766.xyz/play?id=3000000010000025380&token=09e226ee09e226ee09e226ee09e226ee&client=ys
永城新闻,http://tvpull.dxhmt.cn:9081/tv/11481-1.m3u8
贵州移动电视,http://www.ltxs.pro:4022/rtp/238.255.2.9:5999
浙江遂昌,http://l.cztvcloud.com/channels/lantian/SXsuichang1/720p.m3u8
咪视界-32-移动或影视专用,https://msj.188766.xyz/play?id=3000000010000027691&token=09e31b0f09e31b0f09e31b0f09e31b0f&client=ys
永城新闻,http://live.dxhmt.cn:9081/tv/11481-1.m3u8
甘肃经济,https://satellitepull.cnr.cn/live/wxgshhzs/playlist.m3u8
诸暨新闻综合,https://l.cztvcloud.com/channels/lantian/SXzhuji3/720p.m3u8
咪视界-33-移动或影视专用,https://msj.188766.xyz/play?id=3000000010000031669&token=09ee780109ee780109ee780109ee7801&client=ys
禹州综合,http://tvpull.dxhmt.cn:9081/tv/11081-1.m3u8
甘肃经济,https://hls.gstv.com.cn/49048r/10iv1j.m3u8
诸暨新闻综合,http://l.cztvcloud.com/channels/lantian/SXzhuji3/720p.m3u8?zzhed
咪视界-34-移动或影视专用,https://msj.188766.xyz/play?id=3000000020000011518&token=9eb6f7639eb6f7639eb6f7639eb6f763&client=ys
禹州综合,http://live.dxhmt.cn:9081/tv/11081-1.m3u8
甘肃都市,https://satellitepull.cnr.cn/live/wxgsdstb/playlist.m3u8
龙游生活娱乐,http://l.cztvcloud.com/channels/lantian/SXlongyou2/720p.m3u8?zzhed
咪视界-35-移动或影视专用,https://msj.188766.xyz/play?id=3000000020000011519&token=9eb6f7649eb6f7649eb6f7649eb6f764&client=ys
杞县新闻综合,http://tvpull.dxhmt.cn:9081/tv/10221-1.m3u8
甘肃都市,https://hls.gstv.com.cn/49048r/l54391.m3u8
龙游生活娱乐,http://l.cztvcloud.com/channels/lantian/SXlongyou2/720p.m3u8
咪视界-36-移动或影视专用,https://msj.188766.xyz/play?id=3000000020000011520&token=9eb6f77a9eb6f77a9eb6f77a9eb6f77a&client=ys
杞县新闻综合,http://live.dxhmt.cn:9081/tv/10221-1.m3u8
临夏州综合,http://play.kankanlive.com/live/1714096320293954.m3u8
龙游生活娱乐,https://l.cztvcloud.com/channels/lantian/SXlongyou2/720p.m3u8
咪视界-37-移动或影视专用,https://msj.188766.xyz/play?id=3000000020000011521&token=9eb6f77b9eb6f77b9eb6f77b9eb6f77b&client=ys
林颖综合,http://tvpull.dxhmt.cn:9081/tv/11122-1.m3u8
嘉峪关综合,http://play.kankanlive.com/live/1720583434627241.m3u8
龙游新闻综合,https://l.cztvcloud.com/channels/lantian/SXlongyou1/720p.m3u8
咪视界-38-移动或影视专用,https://msj.188766.xyz/play?id=3000000020000011522&token=9eb6f77c9eb6f77c9eb6f77c9eb6f77c&client=ys
林颖综合,http://live.dxhmt.cn:9081/tv/11122-1.m3u8
天祝综合,https://play.kankanlive.com/live/1656487214793905.m3u8
龙游新闻综合,http://l.cztvcloud.com/channels/lantian/SXlongyou1/720p.m3u8?zzhed
睛彩竞技-冰茶专用,https://msj.188766.xyz/play?id=3000000020000011528&token=9eb6f7829eb6f7829eb6f7829eb6f782
宝丰1,http://tvpull.dxhmt.cn:9081/tv/10421-1.m3u8
永昌综合,http://play.kankanlive.com/live/1720408280309109.m3u8
龙泉新闻综合,http://l.cztvcloud.com/channels/lantian/SXlongquan1/720p.m3u8
睛彩篮球-冰茶专用,https://msj.188766.xyz/play?id=3000000020000011529&token=9eb6f7839eb6f7839eb6f7839eb6f783
宝丰1,http://live.dxhmt.cn:9081/tv/10421-1.m3u8
甘南综合,https://play.kankanlive.com/live/1711955176432990.m3u8
青田电视台,http://l.cztvcloud.com/channels/lantian/SXqingtian1/720p.m3u8
睛彩青少-冰茶专用,https://msj.188766.xyz/play?id=3000000020000011525&token=9eb6f77f9eb6f77f9eb6f77f9eb6f77f
新密新闻频道,http://tvpull.dxhmt.cn:9081/tv/10183-2.m3u8
甘肃少儿,https://hls.gstv.com.cn/49048r/922k96.m3u8
遂昌综合,http://l.cztvcloud.com/channels/lantian/SXsuichang1/720p.m3u8?zzhed
睛彩广场舞-冰茶专用,https://msj.188766.xyz/play?id=3000000020000011523&token=9eb6f77d9eb6f77d9eb6f77d9eb6f77d
新密新闻频道,http://live.dxhmt.cn:9081/tv/10183-2.m3u8
白银综合,https://play.kankanlive.com/live/1720408089419110.m3u8
遂昌新闻综合,http://l.cztvcloud.com/channels/lantian/SXsuichang1/720p.m3u8
咪视界4K-1-冰茶专用,https://msj.188766.xyz/play?id=3000000010000005180&token=09c5f06a09c5f06a09c5f06a09c5f06a
嘉峪关综合,https://play.kankanlive.com/live/1658978094528926.m3u8
白银综合,http://play.kankanlive.com/live/1720408089419110.m3u8
象山综合,http://play-sh13.quklive.com/live/1702360350551252.m3u8?auth_key=2037107484-800189c57a5a44d3b823b60cf84f6756-0-a6f6828a62d5c167cff5e68735fa0d39
咪视界4K-2-冰茶专用,https://msj.188766.xyz/play?id=3000000010000015686&token=09d41ab609d41ab609d41ab609d41ab6
嘉峪关公共,https://play.kankanlive.com/live/1658978141553927.m3u8
秦安综合,https://play.kankanlive.com/live/1680577080200944.m3u8
象山综合,http://l.cztvcloud.com/channels/lantian/SXxiangshan1/720p.m3u8?zzhed
咪视界-1-冰茶专用,https://msj.188766.xyz/play?id=3000000001000005308&token=692ab55a692ab55a692ab55a692ab55a
金昌综合,http://play.kankanlive.com/live/1660096574549900.m3u8
秦安综合,https://play.kankanlive.com/live/1659926941626981.m3u8
象山新闻综合,http://l.cztvcloud.com/channels/lantian/SXxiangshan1/720p.m3u8
咪视界-2-冰茶专用,https://msj.188766.xyz/play?id=3000000001000005969&token=692acc9b692acc9b692acc9b692acc9b
金昌综合,http://play.kankanlive.com/live/1660096574549900.flv
西和综合,https://play.kankanlive.com/live/1659926941626981.m3u8
衢江新闻综合,http://l.cztvcloud.com/channels/lantian/SXqujiang1/720p.m3u8?zzhed
咪视界-3-冰茶专用,https://msj.188766.xyz/play?id=3000000001000007218&token=692b9a76692b9a76692b9a76692b9a76
张掖新闻,http://play.kankanlive.com/live/1675849013180979.m3u8
西峰综合,https://play.kankanlive.com/live/1683944827526991.m3u8
衢江新闻综合,https://stream1.freetv.fun/qu-jiang-xin-wen-zong-he-1.m3u8
咪视界-4-冰茶专用,https://msj.188766.xyz/play?id=3000000001000008001&token=692c072d692c072d692c072d692c072d
张掖新闻,http://play.kankanlive.com/live/1675849013180979.flv
酒泉综合,https://3ee63cd9178a070a2db29f77915c49d4.livehwc3.cn/play.kankanlive.com/live/1702033926169975.m3u8
衢江新闻综合,https://stream1.freetv.fun/qu-jiang-xin-wen-zong-he-1.ctv
咪视界-5-冰茶专用,https://msj.188766.xyz/play?id=3000000001000008176&token=692c0bcc692c0bcc692c0bcc692c0bcc
定西综合,https://play.kankanlive.com/live/1675303871634928.m3u8
金昌综合,http://stream4.liveyun.hoge.cn/ch02/sd/live.m3u8
衢江新闻综合,https://stream1.freetv.fun/qu-jiang-xin-wen-zong-he-2.m3u8
咪视界-6-冰茶专用,https://msj.188766.xyz/play?id=3000000001000008379&token=692c1351692c1351692c1351692c1351
定西综合,http://play.kankanlive.com/live/1675303871634928.flv
哈密一套,https://tvpull.hmgbtv.com/hmtv/channel9cd66b3d5d258b2b.flv
衢江新闻综合,https://stream1.freetv.fun/qu-jiang-xin-wen-zong-he-3.m3u8
咪视界-7-冰茶专用,https://msj.188766.xyz/play?id=3000000001000010129&token=69367fbd69367fbd69367fbd69367fbd
定西文旅生活,http://play.kankanlive.com/live/1675303983674929.m3u8
哈密二套,https://tvpull.hmgbtv.com/hmtv/channel108259412c6a6711/playlist.m3u8
衢江新闻综合,https://t.freetv.fun/live/qu-jiang-xin-wen-zong-he.m3u8
咪视界-8-冰茶专用,https://msj.188766.xyz/play?id=3000000001000010948&token=69369e0269369e0269369e0269369e02
定西文旅生活,http://play.kankanlive.com/live/1675303983674929.flv
哈密三套,https://tvpull.hmgbtv.com/hmtv/channelfb0e5c505477aa44/playlist.m3u8
萧山生活,http://l.cztvcloud.com/channels/lantian/SXxiaoshan2/720p.m3u8?zzhed?
咪视界-9-冰茶专用,https://msj.188766.xyz/play?id=3000000001000028638&token=69484d1969484d1969484d1969484d19
天祝电视台,https://play.kankanlive.com/live/1656487214793905.m3u8
伊犁维吾尔,http://110.153.180.106:55555/out_2/index.m3u8
萧山生活,http://l.cztvcloud.com/channels/lantian/SXxiaoshan2/720p.m3u8?zzhed
咪视界-10-冰茶专用,https://msj.188766.xyz/play?id=3000000001000031494&token=69532f3569532f3569532f3569532f35
泰安综合,http://play.kankanlive.com/live/1680577080200944.m3u8
伊犁维吾尔,http://110.153.180.106:55555/out_2/index.m3u8?zxinjd
萧山生活,https://l.cztvcloud.com/channels/lantian/SXxiaoshan2/720p.m3u8
咪视界-11-冰茶专用,https://msj.188766.xyz/play?id=3000000010000000097&token=09c3a6f409c3a6f409c3a6f409c3a6f4
泰安综合,http://play.kankanlive.com/live/1680577080200944.flv
伊犁哈萨克,http://110.153.180.106:55555/out_3/index.m3u8?zxinjd
萧山生活,http://l.cztvcloud.com/channels/lantian/SXxiaoshan2/720p.m3u8
咪视界-12-冰茶专用,https://msj.188766.xyz/play?id=3000000010000002019&token=09c48ebc09c48ebc09c48ebc09c48ebc
静宁新闻综合,https://play.kankanlive.com/live/1658194434596952.m3u8
伊犁哈萨克,http://110.153.180.106:55555/out_3/index.m3u8
萧山新闻综合,http://l.cztvcloud.com/channels/lantian/SXxiaoshan1/720p.m3u8?cWlkPSZzPTg3OWMwYmMyZDMzYTFhZGY3NDQxMjgyYTg1MmUzNTY0JmVzPTE3MDY2Nzc4NzMmdXVpZD0yMjdiY2MzNGNiNGY0MThlYjRiY2IxYzcwNmZjODNkMS02NzQ3NDY2NyZ2PTImYXM9MCZjZG5leF9pZD10eF9waG9uZV9saXZl
咪视界-13-冰茶专用,https://msj.188766.xyz/play?id=3000000010000002809&token=09c4aca509c4aca509c4aca509c4aca5
景泰电视台,https://play.kankanlive.com/live/1624439143745981.m3u8
伊犁经济法制,http://110.153.180.106:55555/out_4/index.m3u8?zxinjd
萧山新闻综合,http://l.cztvcloud.com/channels/lantian/SXxiaoshan1/720p.m3u8?zzhed
咪视界-14-冰茶专用,https://msj.188766.xyz/play?id=3000000010000003915&token=09c524e009c524e009c524e009c524e0
西和综合,https://play.kankanlive.com/live/1659926941626981.m3u8
伊犁经济法制,http://110.153.180.106:55555/out_4/index.m3u8
萧山新闻综合,https://l.cztvcloud.com/channels/lantian/SXxiaoshan1/720p.m3u8
咪视界-15-冰茶专用,https://msj.188766.xyz/play?id=3000000010000004193&token=09c57c2d09c57c2d09c57c2d09c57c2d
古浪综合,http://play.kankanlive.com/live/1647934328544907.m3u8
兵团五师双河新闻综合,http://liveout.btzx.com.cn/62ds9e/4nxdih.m3u8?fbl=
萧山新闻综合,https://stream1.freetv.fun/xiao-shan-xin-wen-zong-he-6.m3u8
咪视界-16-冰茶专用,https://msj.188766.xyz/play?id=3000000010000005837&token=09c60a1d09c60a1d09c60a1d09c60a1d
古浪综合,http://play.kankanlive.com/live/1647934328544907.flv
兵团五师双河新闻综合,https://liveout.btzx.com.cn/62ds9e/4nxdih.m3u8?zxinjd
萧山新闻综合,https://stream1.freetv.fun/xiao-shan-xin-wen-zong-he-2.m3u8
咪视界-17-冰茶专用,https://msj.188766.xyz/play?id=3000000010000006077&token=09c660f009c660f009c660f009c660f0
永昌电视台,https://play.kankanlive.com/live/1652755738635915.m3u8
奎屯哈萨克语,http://218.84.12.186:8002/hls/main/playlist.m3u8?zxinjd
萧山新闻综合,https://stream1.freetv.fun/xiao-shan-xin-wen-zong-he-8.m3u8
咪视界-18-冰茶专用,https://msj.188766.xyz/play?id=3000000010000006658&token=09c6773909c6773909c6773909c67739
陇西电视台,https://play.kankanlive.com/live/1669881644081970.m3u8
奎屯哈萨克语,http://218.84.12.186:8002/hls/main/playlist.m3u8
萧山新闻综合,https://stream1.freetv.fun/xiao-shan-xin-wen-zong-he-9.m3u8
咪视界-19-冰茶专用,https://msj.188766.xyz/play?id=3000000010000009788&token=09c7d87409c7d87409c7d87409c7d874
平川电视台,http://play.kankanlive.com/live/1658907556249918.m3u8
玛纳斯综合,http://218.84.127.245:1026/hls/main1/playlist.m3u8?zxinjd,
萧山新闻综合,https://stream1.freetv.fun/xiao-shan-xin-wen-zong-he-4.m3u8
咪视界-20-冰茶专用,https://msj.188766.xyz/play?id=3000000010000010833&token=09d1dbbf09d1dbbf09d1dbbf09d1dbbf
平川电视台,http://play.kankanlive.com/live/1658907556249918.flv
玛纳斯综合,http://218.84.127.245:1026/hls/main1/playlist.m3u8
萧山新闻综合,https://stream1.freetv.fun/xiao-shan-xin-wen-zong-he-7.m3u8
咪视界-21-冰茶专用,https://msj.188766.xyz/play?id=3000000010000011297&token=09d23a5609d23a5609d23a5609d23a56
岷县电视台,http://play.kankanlive.com/live/1672715401874967.m3u8
玛纳斯综合,http://218.84.127.245:1026/hls/main1/playlist.m3u8?zxinjd
萧山新闻综合,https://stream1.freetv.fun/xiao-shan-xin-wen-zong-he-1.m3u8
咪视界-22-冰茶专用,https://msj.188766.xyz/play?id=3000000010000011518&token=09d244a209d244a209d244a209d244a2
岷县电视台,http://play.kankanlive.com/live/1672715401874967.flv
可克达拉综合,http://file.loulannews.cn/nmip-media/channellive/channel103824/playlist.m3u8
苍南新闻综合,https://l.cztvcloud.com/channels/lantian/SXcangnan1/720p.m3u8
咪视界-23-冰茶专用,https://msj.188766.xyz/play?id=3000000010000012558&token=09d2b97d09d2b97d09d2b97d09d2b97d
庄浪电视台,https://play.kankanlive.com/live/1655107221272926.m3u8
巴音郭楞州,rtmp://tv.loulannews.cn/channellive/ch1
苍南新闻综合,http://l.cztvcloud.com/channels/lantian/SXcangnan1/720p.m3u8?zzhed
咪视界-24-冰茶专用,https://msj.188766.xyz/play?id=3000000010000012616&token=09d2bcc009d2bcc009d2bcc009d2bcc0
金川电视台,http://play.kankanlive.com/live/1657360567739997.m3u8
巴音郭楞州,http://58.57.40.22:9901/tsfile/live/1024_1.m3u8
苍南新闻综合,https://stream1.freetv.fun/cang-nan-xin-wen-zong-he-5.m3u8
咪视界-25-冰茶专用,https://msj.188766.xyz/play?id=3000000010000015470&token=09d4130f09d4130f09d4130f09d4130f
金川电视台,http://play.kankanlive.com/live/1657360567739997.flv
石河子教育,rtmp://124.88.144.73:1935/live/jiaoyu
苍南新闻综合,https://stream1.freetv.fun/cang-nan-xin-wen-zong-he-1.m3u8
咪视界-26-冰茶专用,https://msj.188766.xyz/play?id=3000000010000015560&token=09d416b109d416b109d416b109d416b1
安定电视台,https://play.kankanlive.com/live/1672881652415978.m3u8
石河子新闻综合,rtmp://124.88.144.73:1935/live/xwzh
苍南新闻综合,https://stream1.freetv.fun/cang-nan-xin-wen-zong-he-4.ctv
咪视界-27-冰茶专用,https://msj.188766.xyz/play?id=3000000010000017678&token=09d5035709d5035709d5035709d50357
安定电视台,http://play.kankanlive.com/live/1672881652415978.flv
山东少儿,https://stream1.freetv.fun/shan-dong-shao-er-7.m3u8
苍南新闻综合,https://stream1.freetv.fun/cang-nan-xin-wen-zong-he-3.m3u8
咪视界-28-冰茶专用,https://msj.188766.xyz/play?id=3000000010000019839&token=09d5f31c09d5f31c09d5f31c09d5f31c
靖远电视台,https://play.kankanlive.com/live/1658390970673988.m3u8
山东少儿,https://stream1.freetv.fun/shan-dong-shao-er-4.m3u8
苍南新闻综合,https://t.freetv.fun/live/cang-nan-xin-wen-zong-he-1.m3u8
咪视界-29-冰茶专用,https://msj.188766.xyz/play?id=3000000010000021904&token=09e06b0409e06b0409e06b0409e06b04
天祝电视台,https://play.kankanlive.com/live/1656487214793905.m3u8
山东少儿,https://stream1.freetv.fun/shan-dong-shao-er-5.m3u8
苍南新闻综合,https://t.freetv.fun/live/cang-nan-xin-wen-zong-he-2.m3u8
咪视界-30-冰茶专用,https://msj.188766.xyz/play?id=3000000010000023434&token=09e1415a09e1415a09e1415a09e1415a
天祝电视台,http://play.kankanlive.com/live/1656487214793905.m3u8
山东少儿,https://stream1.freetv.fun/shan-dong-shao-er-9.m3u8
苍南新闻综合,https://t.freetv.fun/live/cang-nan-xin-wen-zong-he.m3u8
咪视界-31-冰茶专用,https://msj.188766.xyz/play?id=3000000010000025380&token=09e226ee09e226ee09e226ee09e226ee
天祝电视台,http://play.kankanlive.com/live/1656487214793905.flv
山东少儿,https://stream1.freetv.fun/shan-dong-shao-er-2.m3u8
缙云综合,http://l.cztvcloud.com/channels/lantian/SXjinyun1/720p.m3u8?zzhed?
咪视界-32-冰茶专用,https://msj.188766.xyz/play?id=3000000010000027691&token=09e31b0f09e31b0f09e31b0f09e31b0f
靖远电视台,https://play.kankanlive.com/live/1658390970673988.m3u8
山东少儿,https://stream1.freetv.fun/shan-dong-shao-er-6.m3u8
缙云综合,http://l.cztvcloud.com/channels/lantian/SXjinyun1/720p.m3u8?zzhed
咪视界-33-冰茶专用,https://msj.188766.xyz/play?id=3000000010000031669&token=09ee780109ee780109ee780109ee7801
通渭电视台,http://play.kankanlive.com/live/1661761962676984.m3u8
山东少儿,https://stream1.freetv.fun/shan-dong-shao-er-1.m3u8
缙云新闻综合,http://l.cztvcloud.com/channels/lantian/SXjinyun1/720p.m3u8
咪视界-34-冰茶专用,https://msj.188766.xyz/play?id=3000000020000011518&token=9eb6f7639eb6f7639eb6f7639eb6f763
通渭电视台,http://play.kankanlive.com/live/1661761962676984.flv
山东少儿,https://stream1.freetv.fun/shan-dong-shao-er-8.m3u8
绍兴电视台公共,http://live.shaoxing.com.cn/video/s10001-sxtv2/index.m3u8?%E5%85%B3%E6%B3%A8%E5%BE%AE%E4%BF%A1%E5%85%AC%E4%BC%97%E5%8F%B7[%E6%99%B4%E5%9B%AD]
咪视界-35-冰茶专用,https://msj.188766.xyz/play?id=3000000020000011519&token=9eb6f7649eb6f7649eb6f7649eb6f764
秦安电视台,https://play.kankanlive.com/live/1680577080200944.m3u8
山东新闻,http://ls.qingting.fm/live/60180.m3u8
绍兴新闻综合,http://live.shaoxing.com.cn/video/s10001-sxtv1/index.m3u8?zzhed
咪视界-36-冰茶专用,https://msj.188766.xyz/play?id=3000000020000011520&token=9eb6f77a9eb6f77a9eb6f77a9eb6f77a
秦安电视台,http://play.kankanlive.com/live/1680577080200944.flv
山东新闻,https://stream1.freetv.fun/shan-dong-xin-wen-4.m3u8
绍兴新闻综合,https://stream1.freetv.fun/shao-xing-xin-wen-zong-he-4.m3u8
咪视界-37-冰茶专用,https://msj.188766.xyz/play?id=3000000020000011521&token=9eb6f77b9eb6f77b9eb6f77b9eb6f77b
浙江卫视超清,http://ali-xwl.cztv.com/live/channel011080Plxw.m3u8
山东新闻,https://stream1.freetv.fun/shan-dong-xin-wen-6.m3u8
绍兴新闻综合,https://stream1.freetv.fun/shao-xing-xin-wen-zong-he-3.m3u8
咪视界-38-冰茶专用,https://msj.188766.xyz/play?id=3000000020000011522&token=9eb6f77c9eb6f77c9eb6f77c9eb6f77c
浙江卫视超清,http://ali-xwl.cztv.com/live/channel01720Plxw.m3u8
山东新闻,https://stream1.freetv.fun/shan-dong-xin-wen-1.m3u8
绍兴新闻综合,https://stream1.freetv.fun/shao-xing-xin-wen-zong-he-2.m3u8
2月7日01:00_WTA500阿布扎比站半决赛_贝莱克vs陶森 单文强,https://mgev.188766.xyz/play?migutoken=c8ca53082ddc0b0cccaa060ff24304e3&id=dlT%2B%2BhHZjbWFzUADLEhPRmcvgBY7TLbA4mmcKIEwr3WcXoPH4glVCO5op4mT5w0tP8W1qCAQ8wdt5IlQ2wXUvyB%2BTlldeYoMkqc%2FNQ6uQaig%2FwFwYmOFxPhsC1ML8j1wtyYCfICECbbqYGYZ4gRCK1HfmlwI4pP7251VEKzfiSomge2ofkHRdS0IEdSE69Iic%2BPsQKCIMBYp9NL8qPZ0fPI4v8l6Ks7Mxb%2F9d6GnYqlX4i91kweFS5%2FGrh%2B2PKhiX8%2BzhPbysUXX9A25tk5v8JrvIw%2B2viN%2BcBFFEn%2BirEo%3D&name=NCmNEGLCGtiSJS70sjC7axhT9rYASOb3rmas8SB1a3MDtEe%2BXAqI4etYictf%2Fve9h7L8bsd2WWdi%2BO2%2FVWPFfLO3HOL6U%2FkoeUDeQ6jHJ%2Fm01UCxKxezPS8C939boz12
江苏卫视超清,http://hlsztemgsplive.miguvideo.com:8080/wd_r2/cctv/jiangsuhd/1200/index.m3u8?msisdn=202602071705324e780406be164e3e840824ace0c988b5&mdspid=&spid=699067&netType=0&sid=5500199408&pid=2028597139&timestamp=20260207170532&Channel_ID=0116_2600036500-99000-201600010014435&ProgramID=623899368&ParentNodeID=-99&assertID=5500199408&client_ip=113.6.228.14&SecurityKey=20260207170532&promotionId=&mvid=5100156802&mcid=500020&playurlVersion=WX-A1-9.1.1.3-RELEASE&userid=&jmhm=&videocodec=h264&appCode=miguvideo_android&bean=mgspad&tid=android&conFee=0&encrypt=9a30a960005897ac7f6beebceaa45a58&sv=10004&ct=android
山东新闻,https://stream1.freetv.fun/shan-dong-xin-wen-2.m3u8
绍兴新闻综合,https://t.freetv.fun/live/shao-xing-xin-wen-zong-he-2.m3u8
2月7日01:00_WTA500阿布扎比站半决赛_贝莱克vs陶森 赛场原声,https://mgev.188766.xyz/play?migutoken=3d0a1a0708cfdc6797c99f7b6a5b0c68&id=TV0afVnz%2BOlhc4M1iDTTGdzvQLNmhUz3Rq6kJvWSsD1D%2FZa7BBuI5RD2XqNCVQtUGRdeg7l%2BECis7ghAmHyvPCgNKwAJkRV0IVYWBR0E4PC9IdZ5KXvxJhsbVA8F5LXAec%2F3sWwDjEMTcd0C5yBRM0FyuYL3Apu3ltbmd8gQ9cupW7iK%2BbVaQ9Gsv1DtRhYA1vHFoQVhWu7sIxWU%2BcnolOMYlmHOwxAgOqOZB8CtqCmEJ6ONsGxyDlRpiIrcRRUp88pEo6Fa8LHA%2FRtrHRzkT6bnfj3xIu10oAp1J4ojT3Q%3D&name=wMSiT5VXD%2BmOddwxMNLHJBrW1fMHNx8VQSjrW2cX7Y9BFTh3fQjFPSoDLxc2Z3LjBW7VFykWhgtpGHcmq4aNGJTh%2BJ9GrEnnvy8qYJ67VurNOwC2tOE5cSB8ZkW5OLqX
湖北卫视超清,http://hlsztemgsplive.miguvideo.com:8080/wd_r2/2018/ocn/hubeiwshd/2000/index.m3u8?msisdn=20260207170329954bacef07c448679e757df167752876&mdspid=&spid=600633&netType=0&sid=5910022163&pid=2028597139&timestamp=20260207170329&Channel_ID=0116_2600036500-99000-201600010014431&ProgramID=947472496&ParentNodeID=-99&assertID=5910022163&client_ip=113.6.228.18&SecurityKey=20260207170329&promotionId=&mvid=5900004355&mcid=500020&playurlVersion=WX-A1-9.1.1.3-RELEASE&userid=&jmhm=&videocodec=h264&appCode=miguvideo_android&bean=mgspad&tid=android&conFee=0&encrypt=07b8c914b3535e0dc206ce0d28102878&sv=10004&ct=android
山东新闻,https://stream1.freetv.fun/shan-dong-xin-wen-3.m3u8
绍兴新闻综合,https://t.freetv.fun/live/shao-xing-xin-wen-zong-he-3-1.m3u8
2月7日01:00_WTA500阿布扎比站半决赛_贝莱克vs陶森 英文原音,https://mgev.188766.xyz/play?migutoken=04a24516196e27e44b0ec45b675579a2&id=8dGTqxXcw%2FmAhcZTeJd%2FqAxGCtdlESdZUAwzTpBUS75AJHn33XGlVJs16CjQarq0khYN7EqkVwjQrMtN1hbVHpdykQP108tv5fObj0LMmF9456b1oGKg3hycsGgtbjEGp91e64rcjcA0Oe17vfxuV5XMTtIEMN2AXF2PgaFuLjgHgS6ilVpSFQLO10HrqjD5%2FKHLZJTSnroHb4QjV8vnN%2Bq9KQ%2BB4eWW9RB4jgIdxK6nkQbdHPu5PzzT0zaDswT%2BKzvYV4VUBP3X0LjBlbI0sEhnc%2FF7GDATSB%2BjdcCOwM0%3D&name=N8LXErcmyvpeEQ6Uf9yLSxxBe2HcekMj1vgZXy5OZfY3GpPtmk0M9DGE19x%2BdMIHQHr%2Fnn50agqSyPUBDRUefhCSiaW%2FN8Kunqg8nUjI7aYN6T46VWeLd9XjpmbsDRxy
广东卫视超清,http://hlsztemgsplive.miguvideo.com:8080/migu/kailu/gdwshd265/54/20200407/index.m3u8?msisdn=202602071705025595337fe5d7478d95b80cb1bf73dfdf&mdspid=&spid=699054&netType=0&sid=2202428795&pid=2028597139&timestamp=20260207170502&Channel_ID=0116_2600036500-99000-201600010014434&ProgramID=608831231&ParentNodeID=-99&assertID=2202428795&client_ip=113.6.228.15&SecurityKey=20260207170502&promotionId=&mvid=2202428795&mcid=500020&playurlVersion=WX-A1-9.1.1.3-RELEASE&userid=&jmhm=&videocodec=h265&appCode=miguvideo_android&bean=mgspad&tid=android&conFee=0&encrypt=b300ea64ed0881a1cc748beea71bb99b&sv=10004&ct=android
山东新闻,https://stream1.freetv.fun/shan-dong-xin-wen-7.m3u8
绍兴新闻综合,https://t.freetv.fun/live/shao-xing-xin-wen-zong-he-3.m3u8
2月7日01:05_WTA250俄斯特拉发站半决赛_帕里vs科尔帕奇,https://mgev.188766.xyz/play?migutoken=5dc45b5b05408454fd0d70609caf42a3&id=3q1X4zU%2B8qAg%2BQB2V%2F%2FdoYoaWGMBDevMLQyj7gxc2LtFUCNt3el1joFjtsm%2FYTsvehNQxAKJI28LG6bX1NXV0Z2mI%2FLTbia2YrholPDodEcWsF6m9E%2FDgfk%2FFHj5ViOLeB9kD3Gz5K4jfCoO9aCtkRDWZn5nEVRUROtv5i2PgP7iaXvIX%2BtOaqAkF5wv65bGH%2FiNsBbv5JqDLos20mxIwqDWzpEPR0KAT0UX5znae%2FTvb8aOQdSEJdL3dw2Vj2XRzLOP1E3HHVknifXU6gVwR6Odp1IwvPfo7zx%2BnV2bHO0%3D&name=5ulwOlKyxwiIoiTKqW2urC2Vl5wdvgTn1nQFIwJL7NtDhJp5pQjAQ80t3FtaHvbBsWJslPLFQ9sgF51huZJeb86d2WToDg9Hblxh8%2F7u1LRFlA5STyXbq0AYNoZcxer0
东方卫视超清,http://hlsztemgsplive.miguvideo.com:8080/wd_r4/dfl/dongfangwshd/1200/index.m3u8?msisdn=202602071706048ea98db0c3584894b7e7c3cc97631da7&mdspid=&spid=600697&netType=0&sid=5910022185&pid=2028597139&timestamp=20260207170604&Channel_ID=0116_2600036500-99000-201600010014436&ProgramID=651632648&ParentNodeID=-99&assertID=5910022185&client_ip=113.6.228.12&SecurityKey=20260207170604&promotionId=&mvid=5100043384&mcid=500020&playurlVersion=WX-A1-9.1.1.3-RELEASE&userid=&jmhm=&videocodec=h264&appCode=miguvideo_android&bean=mgspad&tid=android&conFee=0&encrypt=f123a972c63daecaa127907be0497450&sv=10004&ct=android
山东教育,https://test1.live.sdetv.com.cn/live/dianshizhibo/playlist.m3u8
绍兴文化影院,http://live.shaoxing.com.cn/video/s10001-sxtv3/index.m3u8?zzhed
2月7日01:05_WTA250俄斯特拉发站半决赛_帕里vs科尔帕奇 赛场原声,https://mgev.188766.xyz/play?migutoken=445ea7cef36f8404ed085f08759f8e38&id=6QLF59S0ipSvqycVYC7snFiCGsyHczK2gtGHXd%2BqNw69tBnlTZZ1TSmjo3zIk4xbE2SN%2Fms%2BKc9l3R%2BN89FMCUrL%2BegwHFxCeNifVBq0kanBX%2Bw64x1UTF2Pe2iy5DGuOK4rpcxgWVlI73FbiI6TeSijR419zKdnnV4oYz5idyhw9e8qG%2BxrzcXHB7Ym60qZ%2Bd8B%2BFomTDoQClwmCoRsNYLy2hU6W4TXxCKMy7XfdaXj9mPhZln%2FHJ4sfpB9nuUFkKf3nTG4wZf0ubq3Erb1JQGeJbM2Z3sT9Y3NRt59Qho%3D&name=BQm3UD%2B7NnZypKWx%2BlWw55md6LwI2UpceuKFWpLmoV0Q1eXt5qX%2BwduX8j50ogg%2FNiJSziuwyKiaaVWf%2FSiM8o2I3u9i659UGP0ZXb5WhETfBAFcvvAlgf9VyPrU1JV2Y7Xq5B%2BjND3T33QUcF5aAg%3D%3D
辽宁卫视超清,http://hlsztemgsplive.miguvideo.com:8080/wd_r2/2018/ocn/liaoningwshd/2000/index.m3u8?msisdn=20260207170056cc01b2b5ed234b86bcae8e7506e3a8c2&mdspid=&spid=600572&netType=0&sid=5910022198&pid=2028597139&timestamp=20260207170056&Channel_ID=0116_2600036500-99000-201600010014428&ProgramID=630291707&ParentNodeID=-99&assertID=5910022198&client_ip=113.6.228.20&SecurityKey=20260207170056&promotionId=&mvid=5101043014&mcid=500020&playurlVersion=WX-A1-9.1.1.3-RELEASE&userid=&jmhm=&videocodec=h264&appCode=miguvideo_android&bean=mgspad&tid=android&conFee=0&encrypt=5d69fd3c4f0a5d892804de2e44565ee2&sv=10004&ct=android
山东教育,http://iptv.huuc.edu.cn/hls/sdetv.m3u8
绍兴文化影院,https://stream1.freetv.fun/shao-xing-wen-hua-ying-yuan-1.m3u8
2月7日02:30_WTA250克卢日_纳波卡站半决赛_科斯蒂亚vs斯尼古尔,https://mgev.188766.xyz/play?migutoken=9b3d97cda4451a51856609fe080821bb&id=tHmTMedtg%2FCQLuGUDFbLjMWZBvwUrVsrGqEiHc5I%2FWANSfCPkDsc60Y4ytCiMZye4tE1Q%2Fe0v21kRhG6XedjHpHXtHB%2B7YRpbeeX6u%2Bedcmrt%2F2IoC2DeR29AHQ2mQH%2Bq%2BYHfMqsVxGciphvpgpscpJv9rHPqpiXDEJxkwZSh1bYxrJOaUlHEkkIrLCNqkyQayiZEZOvYo8lwoOYty3D5vMvAXWi3r1CudCwekoA7toMYW8Hw9JSphistlROApTzo1czeiwxHqzu%2BJEsmAMbXIXm195O5J3RZDIQ%2FkFzxUQ%3D&name=AgnhlWho2Wlxby8PcgZ%2BuW5MaGdFu0%2B8KrcfoduPGYTZ1JVDhBP6%2Bl%2B8Ja0sl92e0sQWLcd5cnrkuK2P41Xw%2BHg%2Fh04aMjYOyAX09Q4nJgHYoHkA2RV9QB69SkLTeaHv
东南卫视超清,http://hlsztemgsplive.miguvideo.com:8080/migu/kailu/dongnanws/51/20230724/index.m3u8?msisdn=2026020718122101a23bfc8e7940adb15b27c06bb5d885&mdspid=&spid=600717&netType=0&sid=5910022182&pid=2028597139&timestamp=20260207181221&Channel_ID=0116_2600036500-99000-201600010014465&ProgramID=849116810&ParentNodeID=-99&assertID=5910022182&client_ip=182.120.177.169&SecurityKey=20260207181221&promotionId=&mvid=5900006229&mcid=500020&playurlVersion=WX-A1-9.1.1.3-RELEASE&userid=&jmhm=&videocodec=h264&appCode=miguvideo_android&bean=mgspad&tid=android&conFee=0&encrypt=2f77225c410840083091eba85833c6b2&sv=10004&ct=android
山东教育,https://migu.188766.xyz/?migutoken=1134813ab83db9f651ce86515f06b7c5&id=%E5%B1%B1%E4%B8%9C%E6%95%99%E8%82%B2&type=yy
绍兴文化影院,https://stream1.freetv.fun/shao-xing-wen-hua-ying-yuan-4.m3u8
2月7日02:30_WTA250克卢日_纳波卡站半决赛_科斯蒂亚vs斯尼古尔 赛场原声,https://mgev.188766.xyz/play?migutoken=5397b0be256b67e6ace216b6e550cfce&id=1cCFO%2BsRtSzk8EKC54eruZuDXxCJ6hztehDXk%2Bg6J6aiepUCnIKpsYs6mPJX8j6cL4cLwsjUY8aZqD3j%2FBzblx2HMX%2B4xLB%2BUdBD92UStFGi32E%2Bs0ZZ68BUtUt7W%2B5mvcdiqx7xZdvwASCiJIvNt9E3vrVNInCXb33lo1z7PchVY2qQMVH4MMlJm3FAybXB3OX2LZ3wUxUZIMatWRMvy%2BhTRvRvbxOSUibAVL8%2BYJIO98ZjOISrnkO47PpZTxtdVEIXxt7QnvZd%2B8pOUUQujOg2%2FsLJRGnNGfzzF5yGzNY%3D&name=LMIEW354z5sskd%2FWdSMexRMPcd1Lj2idrFo9B6teYF%2FX4pgA2Vqsw6TPgGZnXIIdsJYpBIRwnuAFh72dnAJdIjWvm0ggE%2FIKcfQoOtrwSAx5vkHv7VomzO6a0309y37JiYwK%2BqJcNR4xFR65Ziocew%3D%3D
江西卫视超清,http://hlsztemgsplive.miguvideo.com:8080/migu/kailu/jxwshd/51/20190820/index.m3u8?msisdn=2026020717040020cab51f6c41465da2d2672336e2586e&mdspid=&spid=600633&netType=0&sid=5910021492&pid=2028597139&timestamp=20260207170400&Channel_ID=0116_2600036500-99000-201600010014432&ProgramID=783847495&ParentNodeID=-99&assertID=5910021492&client_ip=113.6.228.18&SecurityKey=20260207170400&promotionId=&mvid=5900004351&mcid=500020&playurlVersion=WX-A1-9.1.1.3-RELEASE&userid=&jmhm=&videocodec=h264&appCode=miguvideo_android&bean=mgspad&tid=android&conFee=0&encrypt=deb72fa8687726c6d434f13d595ba0fe&sv=10004&ct=android
山东教育,http://gslbmgsplive.miguvideo.com/migu/kailu/sdjyws/51/20250915/index.m3u8?msisdn=20250927080126244a72fa1b554182ae03568fff35bca7&mdspid=&spid=600697&netType=0&sid=5910022199&pid=2028597139&timestamp=20250927080126&Channel_ID=0116_2600000900-99000-201600010010027&ProgramID=609154353&ParentNodeID=-99&assertID=5910022199&client_ip=106.13.250.83&SecurityKey=20250927080126&promotionId=&mvid=2200208305&mcid=500020&playurlVersion=WX-A1-8.9.2-RELEASE&userid=&jmhm=&videocodec=h264&bean=mgspad&tid=android&conFee=0&puData=41ee1554c91427e91ee78ce8b64f7a33&ddCalcu=3431eae27e9f104565b48ce9c18472e7ee19
绍兴文化影院,https://stream1.freetv.fun/shao-xing-wen-hua-ying-yuan-3.m3u8
2月7日03:55西甲_塞尔塔vs奥萨苏纳,https://mgev.188766.xyz/play?migutoken=776afb80f8312aaeb6950d15e94d8217&id=YBdexnJCn0Zp2WNagIiQdP8GtGJMCJrx3JkTDYFMP6AVmIPMl3W6zQamG6L8iujB1KLfMjwPhtcJIusVeXnIhpMijVTVq48R8IA51%2BcB1fMLiSxp1HsZFautD78WC2NxDasOWk3xDQg3LMkPT1Wsbb6yaBWAEbvJwl8XcSI3wWAZqYWEJKVVM3P9LFxMqOD5Bn46iTtxzhc6G69DsyGINlg53kl9EtjRZGN3IAGCR5BAop9fx40A9oDqe%2BY3TZ9R4KHkUT0eUb4gQ0KJfpZGjDMcKP5wncbI%2F6RDQj%2BeG0qjoDSUaRC9rLCqr%2BZ6opcRQmI43BOzLfMPD3hxU2BGEqoS%2FrwZ%2BfpRIPP1OuO%2BIifB0VxF6dBKT5s4E1TvojRjHLyNPDYhIR8p3PzfvIt7qg%3D%3D&name=Wm7ZhvLp8X7wkQhN9Rp38dg6VVa4mGbR%2BzJ6%2BdSBRBtmrn1qwLGfWfqRFA16S%2BjoDDIxAOhh1X5lezJtuHKj%2Bw%3D%3D
浙江卫视4K,http://ali-xwl.cztv.com/live/channel4k2160p.m3u8
山东教育,http://gslbmgsplive.miguvideo.com/migu/kailu/sdjyws/51/20250915/index.m3u8?msisdn=20251023080146a623a1a467704de1bb9f78bcfbe3cb85&mdspid=&spid=600697&netType=0&sid=5910022199&pid=2028597139&timestamp=20251023080146&Channel_ID=0116_2600000900-99000-201600010010027&ProgramID=609154353&ParentNodeID=-99&assertID=5910022199&client_ip=106.13.250.83&SecurityKey=20251023080146&promotionId=&mvid=2200208305&mcid=500020&playurlVersion=WX-A1-8.9.2-RELEASE&userid=&jmhm=&videocodec=h264&bean=mgspad&tid=android&conFee=0&puData=dac6a2cd92e52b24f75ac42655739371&ddCalcu=1d7ae3c29693a0725c5d69224ec5a25b72f4
绍兴文化影院,https://stream1.freetv.fun/shao-xing-wen-hua-ying-yuan-2.m3u8
2月7日08:30_NBA常规赛_热火vs凯尔特人 李雪儿,https://mgev.188766.xyz/play?migutoken=0b9847906b1f1bb926bb262e17b48dd9&id=pBRzW87U3OULvVgjVpdsB8uaYMghkaOpPnGFDWfxkj0Bujb7%2FJY6ijJgDQhcoocf9H4EW%2F3vidogb02HhGdT2R%2B%2BKMFnsaKHBsVDmTnZ1Ge%2FBbaZjt5MmyamNgmaOmy%2FfHgb8TCvdLVv%2BS2%2BuxT44ic1sNaXp0yi0etRM8H9Qy3LYp641GBGb47WzBU4gGLLxewIfhqBT%2B4Nk4CELrYOomRKAiZXtimM4IsYEchb%2BiZAc6I2kjur5b7a94oOvh%2BUQYnC0wPL2ZzUBLYEVpXNDl0P80vi1V%2FUXlYxkU44Y4g%3D&name=XOwSiSFIvhHDEWrceD4r3Teki37NVSxP6q%2Fxj9%2FnkfMcUrplwBqPcL966yiwwv9LzTHEABE3%2BUiaaOY2M6wuyOyDzhLjxvTaXPguo5TWmN0%3D
浙江卫视4K,https://bd-xwl.cztv.com/live/channel4k2160p.m3u8
山东教育,http://gslbmgsplive.miguvideo.com/migu/kailu/sdjyws/51/20250915/index.m3u8?msisdn=202510240801014993ead85bb84238ba256233f39ec1fe&mdspid=&spid=600697&netType=0&sid=5910022199&pid=2028597139&timestamp=20251024080101&Channel_ID=0116_2600000900-99000-201600010010027&ProgramID=609154353&ParentNodeID=-99&assertID=5910022199&client_ip=106.13.250.88&SecurityKey=20251024080101&promotionId=&mvid=2200208305&mcid=500020&playurlVersion=WX-A1-8.9.2-RELEASE&userid=&jmhm=&videocodec=h264&bean=mgspad&tid=android&conFee=0&puData=9a9b9f0fe534bfd0201d1b9425c62be5&ddCalcu=59eaeb922b9690cf502f4e95b314db1f0d20
绍兴文化影院,https://t.freetv.fun/live/shao-xing-wen-hua-ying-yuan-2.m3u8
2月7日08:30_NBA常规赛_热火vs凯尔特人 英文原音,https://mgev.188766.xyz/play?migutoken=6b748ee079affe6ceedc25ee38ebd679&id=9Z5lsB9xaahIv6UuaNuQj%2BYjN%2FAW35aTVDjA5sBCmSiQY6WXL66TxXwn90Ps%2B5XD%2Fm3f%2FB3cerKjn1WwrnAcWKvXL7HkgsV6DvXU3lou%2F7FaxjlCEXasHY9vjd%2BOaqcUMOG0qH3WN4CejJUEHVKokc4MvyUEHAjCd5ICr%2FvGeDzrlB%2Be4gJ6QFF%2BY9rODlTMtQK%2BpNNKs0SemWQwY26vfOlpgJyjbmbtw7rDlRBP1b1ey3SK0zbK%2B9aooZ7rJdRd9tSsJbeygsUyR8rTiCLXEH4rVstbyvXqycJ0AoZ%2F5Sk%3D&name=VXGBSYdwCR4M02%2BqtpHIWQjIq9ihtFAXF%2FEag9AgWArOhve1w1M95pIKYMEDVNLIG2eWPZ5FXBas35YaW2hmnGs8AWQLnQ2r9zcgg6%2Ft%2Fwc%3D
浙江卫视4K,http://play-qukan.cztv.com/live/1758879019692345.m3u8
山东教育,http://gslbmgsplive.miguvideo.com/migu/kailu/sdjyws/51/20250915/index.m3u8?msisdn=202510250801048fff0e4b106b4345af1deefefd8d0de7&mdspid=&spid=600697&netType=0&sid=5910022199&pid=2028597139&timestamp=20251025080104&Channel_ID=0116_2600000900-99000-201600010010027&ProgramID=609154353&ParentNodeID=-99&assertID=5910022199&client_ip=106.13.250.90&SecurityKey=20251025080104&promotionId=&mvid=2200208305&mcid=500020&playurlVersion=WX-A1-8.9.2-RELEASE&userid=&jmhm=&videocodec=h264&bean=mgspad&tid=android&conFee=0&puData=5ed99a35aabe1c5a975b3c9f32ac70d9&ddCalcu=95dee0d2799c90aa2335fa9acb3eb15c759a
绍兴文化影视,http://live.shaoxing.com.cn/video/s10001-sxtv3/index.m3u8
2月7日08:30_NBA常规赛_尼克斯vs活塞 王兆丰 沈知渝,https://mgev.188766.xyz/play?migutoken=be636a19ed74b16f1af14e95bbff086d&id=FqZLYqdInyLaaP0OIqMuVNj%2FVUnfsKbemSfgTXzRMM%2FC7UYrRdd%2FfXQoZl%2Beh2kCuoqGbwwrq22Vt6p7eYugfodt7lmTmhdVQaiib0CovL2lSWXTeoa%2FCBCF5MofRFC%2BZgCG63nZ7loHaZ1lJ7tmbFNu7vJMudkUoDStextdIYflJrPxrEs7pcJ6%2FjDTQDKhaG5o%2BDVpwKYwiOnY1wDZ%2BDrG14qfqKM3O99lj4oZfIa%2BGxZkDouWpfhCHpvOslOO2JyQB60Zb4OuiS91Qv1LL4RNWiJ4guPWB5r7aXGJ6eg%3D&name=RxlLhDryYrBcC%2FHA9t8WPh8pVoT7BakJvpEXZB6%2FYDJ9n424U6CHrSp8wIquRDjlFIpNs19GKyZPdZzt%2F%2FhqRRt3%2FcirvxsJr%2F4lzUGkbxLAKeND2EMRdAU0OlLIBTFm
